county,regionName,name,no,seats,party,regionCode
台中市,台中市第10選舉區,許瑞宏,7,3,台灣民眾黨,6600010
台中市,台中市第10選舉區,張彥彤,6,3,國民黨,6600010
台中市,台中市第10選舉區,黃敬傑,5,3,無黨籍,6600010
台中市,台中市第10選舉區,江肇國,4,3,民進黨,6600010
台中市,台中市第10選舉區,黃守達,3,3,民進黨,6600010
台中市,台中市第10選舉區,林京玲,2,3,無黨籍,6600010
台中市,台中市第10選舉區,紀文清,1,3,無黨籍,6600010
台中市,台中市第11選舉區,鄭功進,11,5,民進黨,6600011
台中市,台中市第11選舉區,林霈涵,10,5,國民黨,6600011
台中市,台中市第11選舉區,林俊凱,9,5,台灣民眾黨,6600011
台中市,台中市第11選舉區,陳雅惠,8,5,民進黨,6600011
台中市,台中市第11選舉區,李中,7,5,國民黨,6600011
台中市,台中市第11選舉區,羅廷瑋,6,5,國民黨,6600011
台中市,台中市第11選舉區,林文仲,5,5,無黨籍,6600011
台中市,台中市第11選舉區,翁俊楠,4,5,無黨籍,6600011
台中市,台中市第11選舉區,徐小媚,3,5,時代力量,6600011
台中市,台中市第11選舉區,張鈺偵,2,5,小民參政歐巴桑聯盟,6600011
台中市,台中市第11選舉區,何昆霖,1,5,民進黨,6600011
台中市,台中市第12選舉區,黃佳恬,7,4,國民黨,6600012
台中市,台中市第12選舉區,蔡耀頡,6,4,民進黨,6600012
台中市,台中市第12選舉區,葉諾凡,5,4,台灣民眾黨,6600012
台中市,台中市第12選舉區,林宜蓁,4,4,台灣基進,6600012
台中市,台中市第12選舉區,賴義鍠,3,4,國民黨,6600012
台中市,台中市第12選舉區,吳吉森,2,4,無黨籍,6600012
台中市,台中市第12選舉區,張玉嬿,1,4,民進黨,6600012
台中市,台中市第13選舉區,李天生,14,6,民進黨,6600013
台中市,台中市第13選舉區,陳裕承,13,6,無黨籍,6600013
台中市,台中市第13選舉區,鄭伯其,12,6,國民黨,6600013
台中市,台中市第13選舉區,林子傑,11,6,無黨籍,6600013
台中市,台中市第13選舉區,鄒明諺,10,6,時代力量,6600013
台中市,台中市第13選舉區,蘇柏興,9,6,國民黨,6600013
台中市,台中市第13選舉區,張滄沂,8,6,無黨籍,6600013
台中市,台中市第13選舉區,江和樹,7,6,台灣民眾黨,6600013
台中市,台中市第13選舉區,林德宇,6,6,民進黨,6600013
台中市,台中市第13選舉區,段中仁,5,6,無黨籍,6600013
台中市,台中市第13選舉區,楊偉浚,4,6,無黨籍,6600013
台中市,台中市第13選舉區,薛安琪,3,6,小民參政歐巴桑聯盟,6600013
台中市,台中市第13選舉區,張芬郁,2,6,民進黨,6600013
台中市,台中市第13選舉區,林碧秀,1,6,國民黨,6600013
台中市,台中市第14選舉區,冉齡軒,5,2,無黨籍,6600014
台中市,台中市第14選舉區,徐煊博,4,2,台灣基進,6600014
台中市,台中市第14選舉區,蔡成圭,3,2,民進黨,6600014
台中市,台中市第14選舉區,賴裕銘,2,2,無黨籍,6600014
台中市,台中市第14選舉區,吳振嘉,1,2,國民黨,6600014
台中市,台中市第15選舉區,吳建德,5,1,無黨籍,6600015
台中市,台中市第15選舉區,黃仁,4,1,國民黨,6600015
台中市,台中市第15選舉區,洪志明,3,1,台灣民眾黨,6600015
台中市,台中市第15選舉區,林清發,2,1,無黨籍,6600015
台中市,台中市第15選舉區,江愛珍,1,1,民進黨,6600015
台中市,台中市第16選舉區,林榮進,3,1,國民黨,6600016
台中市,台中市第16選舉區,古秀英,2,1,無黨籍,6600016
台中市,台中市第16選舉區,劉新仁,1,1,民進黨,6600016
台中市,台中市第17選舉區,柯靜志,3,1,無黨籍,6600017
台中市,台中市第17選舉區,朱元宏,2,1,無黨籍,6600017
台中市,台中市第17選舉區,孫造雄,1,1,民進黨,6600017
台中市,台中市第1選舉區,吳敏濟,4,3,民進黨,6600001
台中市,台中市第1選舉區,楊啓邦,3,3,國民黨,6600001
台中市,台中市第1選舉區,施志昌,2,3,民進黨,6600001
台中市,台中市第1選舉區,李文傑,1,3,國民黨,6600001
台中市,台中市第2選舉區,陳奇勳,9,5,無黨籍,6600002
台中市,台中市第2選舉區,顏莉敏,8,5,國民黨,6600002
台中市,台中市第2選舉區,紀金豐,7,5,無黨籍,6600002
台中市,台中市第2選舉區,楊典忠,6,5,民進黨,6600002
台中市,台中市第2選舉區,張清照,5,5,國民黨,6600002
台中市,台中市第2選舉區,王立任,4,5,民進黨,6600002
台中市,台中市第2選舉區,尤碧鈴,3,5,無黨籍,6600002
台中市,台中市第2選舉區,陳怡萱,2,5,小民參政歐巴桑聯盟,6600002
台中市,台中市第2選舉區,陳廷秀,1,5,無黨籍,6600002
台中市,台中市第3選舉區,吳瓊華,9,5,國民黨,6600003
台中市,台中市第3選舉區,楊文元,8,5,無黨籍,6600003
台中市,台中市第3選舉區,魏嘉慶,7,5,台灣民眾黨,6600003
台中市,台中市第3選舉區,陳玄曄,6,5,無黨籍,6600003
台中市,台中市第3選舉區,張家銨,5,5,民進黨,6600003
台中市,台中市第3選舉區,宋柏誼,4,5,無黨籍,6600003
台中市,台中市第3選舉區,林孟令,3,5,無黨籍,6600003
台中市,台中市第3選舉區,曾威,2,5,民進黨,6600003
台中市,台中市第3選舉區,林昊佑,1,5,無黨籍,6600003
台中市,台中市第4選舉區,蔡怡萱,11,5,無黨籍,6600004
台中市,台中市第4選舉區,陳清龍,10,5,無黨籍,6600004
台中市,台中市第4選舉區,黃朝淵,9,5,無黨籍,6600004
台中市,台中市第4選舉區,傅智恒,8,5,時代力量,6600004
台中市,台中市第4選舉區,邱愛珊,7,5,國民黨,6600004
台中市,台中市第4選舉區,謝志忠,6,5,民進黨,6600004
台中市,台中市第4選舉區,翁美春,5,5,無黨籍,6600004
台中市,台中市第4選舉區,廖芝晏,4,5,民進黨,6600004
台中市,台中市第4選舉區,張瀞分,3,5,國民黨,6600004
台中市,台中市第4選舉區,陳本添,2,5,國民黨,6600004
台中市,台中市第4選舉區,陳若庭,1,5,台灣基進,6600004
台中市,台中市第5選舉區,張睿倉,12,6,台灣民眾黨,6600005
台中市,台中市第5選舉區,吳呈賢,11,6,國民黨,6600005
台中市,台中市第5選舉區,黃郁芩,10,6,小民參政歐巴桑聯盟,6600005
台中市,台中市第5選舉區,賴朝國,9,6,國民黨,6600005
台中市,台中市第5選舉區,羅永珍,8,6,國民黨,6600005
台中市,台中市第5選舉區,邢振華,7,6,無黨籍,6600005
台中市,台中市第5選舉區,鄭勁節,6,6,時代力量,6600005
台中市,台中市第5選舉區,林義偉,5,6,民進黨,6600005
台中市,台中市第5選舉區,徐瑄灃,4,6,無黨籍,6600005
台中市,台中市第5選舉區,周永鴻,3,6,民進黨,6600005
台中市,台中市第5選舉區,蕭隆澤,2,6,民進黨,6600005
台中市,台中市第5選舉區,黃威堯,1,6,無黨籍,6600005
台中市,台中市第6選舉區,張仲翹,8,5,台灣民眾黨,6600006
台中市,台中市第6選舉區,曾崇芳,7,5,無黨籍,6600006
台中市,台中市第6選舉區,楊大鋐,6,5,國民黨,6600006
台中市,台中市第6選舉區,張廖乃綸,5,5,國民黨,6600006
台中市,台中市第6選舉區,陳淑華,4,5,民進黨,6600006
台中市,台中市第6選舉區,林祈烽,3,5,民進黨,6600006
台中市,台中市第6選舉區,黃馨慧,2,5,國民黨,6600006
台中市,台中市第6選舉區,羅東霖,1,5,無黨籍,6600006
台中市,台中市第7選舉區,朱暖英,7,4,國民黨,6600007
台中市,台中市第7選舉區,洪鑫任,6,4,台灣民眾黨,6600007
台中市,台中市第7選舉區,劉士州,5,4,國民黨,6600007
台中市,台中市第7選舉區,何文海,4,4,民進黨,6600007
台中市,台中市第7選舉區,張耀中,3,4,民進黨,6600007
台中市,台中市第7選舉區,何坤鑫,2,4,無黨籍,6600007
台中市,台中市第7選舉區,吳佩芸,1,4,時代力量,6600007
台中市,台中市第8選舉區,楊欣怡,12,6,台灣基進,6600008
台中市,台中市第8選舉區,段體佩,11,6,無黨籍,6600008
台中市,台中市第8選舉區,蔡雅玲,10,6,民進黨,6600008
台中市,台中市第8選舉區,賴順仁,9,6,國民黨,6600008
台中市,台中市第8選舉區,黃健豪,8,6,國民黨,6600008
台中市,台中市第8選舉區,彭振芳,7,6,前進黨,6600008
台中市,台中市第8選舉區,謝家宜,6,6,民進黨,6600008
台中市,台中市第8選舉區,邱于珊,5,6,台灣民眾黨,6600008
台中市,台中市第8選舉區,李文基,4,6,無黨籍,6600008
台中市,台中市第8選舉區,曾朝榮,3,6,民進黨,6600008
台中市,台中市第8選舉區,陳成添,2,6,國民黨,6600008
台中市,台中市第8選舉區,沈佑蓮,1,6,國民黨,6600008
台中市,台中市第9選舉區,陳俞融,5,3,民進黨,6600009
台中市,台中市第9選舉區,林欣德,4,3,台灣民眾黨,6600009
台中市,台中市第9選舉區,陳文政,3,3,國民黨,6600009
台中市,台中市第9選舉區,賴佳微,2,3,民進黨,6600009
台中市,台中市第9選舉區,陳政顯,1,3,國民黨,6600009
台北市,台北市第1選舉區,陳政忠,25,12,無黨籍,6300001
台北市,台北市第1選舉區,項豪,24,12,中國國家社會主義勞工黨,6300001
台北市,台北市第1選舉區,楊靜宇,23,12,無黨籍,6300001
台北市,台北市第1選舉區,黃郁芬,22,12,無黨籍,6300001
台北市,台北市第1選舉區,蘇府庭,21,12,無黨籍,6300001
台北市,台北市第1選舉區,張斯綱,20,12,國民黨,6300001
台北市,台北市第1選舉區,王郁揚,19,12,金色力量黨,6300001
台北市,台北市第1選舉區,鄭穎隆,18,12,共和黨,6300001
台北市,台北市第1選舉區,林志穎,17,12,無黨籍,6300001
台北市,台北市第1選舉區,張渝江,16,12,無黨籍,6300001
台北市,台北市第1選舉區,陳思宇,15,12,台灣民眾黨,6300001
台北市,台北市第1選舉區,林瑞圖,14,12,無黨籍,6300001
台北市,台北市第1選舉區,黃瀞瑩,13,12,台灣民眾黨,6300001
台北市,台北市第1選舉區,郝淑薏,12,12,無黨籍,6300001
台北市,台北市第1選舉區,侯漢廷,11,12,新黨,6300001
台北市,台北市第1選舉區,鍾佩玲,10,12,民進黨,6300001
台北市,台北市第1選舉區,陳慈慧,9,12,民進黨,6300001
台北市,台北市第1選舉區,劉仕傑,8,12,時代力量,6300001
台北市,台北市第1選舉區,陳重文,7,12,國民黨,6300001
台北市,台北市第1選舉區,林世宗,6,12,民進黨,6300001
台北市,台北市第1選舉區,汪志冰,5,12,國民黨,6300001
台北市,台北市第1選舉區,林杏兒,4,12,國民黨,6300001
台北市,台北市第1選舉區,李光輝,3,12,無黨籍,6300001
台北市,台北市第1選舉區,陳賢蔚,2,12,民進黨,6300001
台北市,台北市第1選舉區,林延鳳,1,12,民進黨,6300001
台北市,台北市第2選舉區,李彥秀,13,9,國民黨,6300002
台北市,台北市第2選舉區,游淑慧,12,9,國民黨,6300002
台北市,台北市第2選舉區,闕枚莎,11,9,國民黨,6300002
台北市,台北市第2選舉區,李建昌,10,9,民進黨,6300002
台北市,台北市第2選舉區,吳欣岱,9,9,台灣基進,6300002
台北市,台北市第2選舉區,何孟樺,8,9,民進黨,6300002
台北市,台北市第2選舉區,陳宥丞,7,9,台灣民眾黨,6300002
台北市,台北市第2選舉區,王孝維,6,9,民進黨,6300002
台北市,台北市第2選舉區,吳世正,5,9,國民黨,6300002
台北市,台北市第2選舉區,李明賢,4,9,國民黨,6300002
台北市,台北市第2選舉區,江志銘,3,9,民進黨,6300002
台北市,台北市第2選舉區,劉榮之,2,9,新黨,6300002
台北市,台北市第2選舉區,陳志明,1,9,時代力量,6300002
台北市,台北市第3選舉區,洪健益,16,9,民進黨,6300003
台北市,台北市第3選舉區,吳崢,15,9,無黨籍,6300003
台北市,台北市第3選舉區,王鴻薇,14,9,國民黨,6300003
台北市,台北市第3選舉區,許淑華,13,9,民進黨,6300003
台北市,台北市第3選舉區,戴錫欽,12,9,國民黨,6300003
台北市,台北市第3選舉區,徐巧芯,11,9,國民黨,6300003
台北市,台北市第3選舉區,高毓安,10,9,無黨籍,6300003
台北市,台北市第3選舉區,詹為元,9,9,國民黨,6300003
台北市,台北市第3選舉區,秦慧珠,8,9,國民黨,6300003
台北市,台北市第3選舉區,洪士奇,7,9,無黨籍,6300003
台北市,台北市第3選舉區,楊寶楨,6,9,台灣民眾黨,6300003
台北市,台北市第3選舉區,林柏勛,5,9,時代力量,6300003
台北市,台北市第3選舉區,吳蕚洋,4,9,無黨籍,6300003
台北市,台北市第3選舉區,許家蓓,3,9,民進黨,6300003
台北市,台北市第3選舉區,張文潔,2,9,民進黨,6300003
台北市,台北市第3選舉區,郭榮先,1,9,新黨,6300003
台北市,台北市第4選舉區,林珍羽,13,8,台灣民眾黨,6300004
台北市,台北市第4選舉區,梁文傑,12,8,民進黨,6300004
台北市,台北市第4選舉區,徐千淳,11,8,時代力量,6300004
台北市,台北市第4選舉區,顏若芳,10,8,民進黨,6300004
台北市,台北市第4選舉區,葉林傳,9,8,國民黨,6300004
台北市,台北市第4選舉區,柳采葳,8,8,國民黨,6300004
台北市,台北市第4選舉區,連紹傑,7,8,小民參政歐巴桑聯盟,6300004
台北市,台北市第4選舉區,王世堅,6,8,民進黨,6300004
台北市,台北市第4選舉區,陳炳甫,5,8,國民黨,6300004
台北市,台北市第4選舉區,林亮君,4,8,無黨籍,6300004
台北市,台北市第4選舉區,林婕麗,3,8,新黨,6300004
台北市,台北市第4選舉區,高世俊,2,8,國民黨,6300004
台北市,台北市第4選舉區,陳怡君,1,8,民進黨,6300004
台北市,台北市第5選舉區,呂增塔,18,8,無黨籍,6300005
台北市,台北市第5選舉區,洪婉臻,17,8,民進黨,6300005
台北市,台北市第5選舉區,郭昭巖,16,8,國民黨,6300005
台北市,台北市第5選舉區,陳樹霖,15,8,無黨籍,6300005
台北市,台北市第5選舉區,王麒傑,14,8,無黨籍,6300005
台北市,台北市第5選舉區,李菁琪,13,8,綠黨,6300005
台北市,台北市第5選舉區,應曉薇,12,8,國民黨,6300005
台北市,台北市第5選舉區,張榮法,11,8,新黨,6300005
台北市,台北市第5選舉區,李有宜,10,8,無黨籍,6300005
台北市,台北市第5選舉區,邵維倫,9,8,民進黨,6300005
台北市,台北市第5選舉區,吳怡萱,8,8,台灣民眾黨,6300005
台北市,台北市第5選舉區,曾琳詒,7,8,台灣動物保護黨,6300005
台北市,台北市第5選舉區,吳志剛,6,8,國民黨,6300005
台北市,台北市第5選舉區,徐立信,5,8,無黨籍,6300005
台北市,台北市第5選舉區,吳沛憶,4,8,民進黨,6300005
台北市,台北市第5選舉區,鍾小平,3,8,國民黨,6300005
台北市,台北市第5選舉區,郭智亭,2,8,無黨籍,6300005
台北市,台北市第5選舉區,劉耀仁,1,8,民進黨,6300005
台北市,台北市第6選舉區,陳聖文,27,13,民進黨,6300006
台北市,台北市第6選舉區,楊植斗,26,13,國民黨,6300006
台北市,台北市第6選舉區,耿葳,25,13,國民黨,6300006
台北市,台北市第6選舉區,鄭建炘,24,13,臺灣人民共產黨,6300006
台北市,台北市第6選舉區,林元敏,23,13,無黨籍,6300006
台北市,台北市第6選舉區,簡舒培,22,13,民進黨,6300006
台北市,台北市第6選舉區,林穎孟,21,13,無黨籍,6300006
台北市,台北市第6選舉區,陳錦祥,20,13,國民黨,6300006
台北市,台北市第6選舉區,苗博雅,19,13,社會民主黨,6300006
台北市,台北市第6選舉區,王欣儀,18,13,國民黨,6300006
台北市,台北市第6選舉區,徐弘庭,17,13,國民黨,6300006
台北市,台北市第6選舉區,徐正文,16,13,無黨籍,6300006
台北市,台北市第6選舉區,鍾沛君,15,13,國民黨,6300006
台北市,台北市第6選舉區,張志豪,14,13,台灣民眾黨,6300006
台北市,台北市第6選舉區,趙怡翔,13,13,民進黨,6300006
台北市,台北市第6選舉區,林岳龍,12,13,新黨,6300006
台北市,台北市第6選舉區,蘇恆,11,13,無黨籍,6300006
台北市,台北市第6選舉區,李柏毅,10,13,國民黨,6300006
台北市,台北市第6選舉區,高揚凱,9,13,國民黨,6300006
台北市,台北市第6選舉區,詹晉鑒,8,13,民進黨,6300006
台北市,台北市第6選舉區,鄭淑娟,7,13,無黨籍,6300006
台北市,台北市第6選舉區,華珮君,6,13,台灣動物保護黨,6300006
台北市,台北市第6選舉區,王閔生,5,13,民進黨,6300006
台北市,台北市第6選舉區,曾獻瑩,4,13,無黨籍,6300006
台北市,台北市第6選舉區,林泓泰,3,13,時代力量,6300006
台北市,台北市第6選舉區,張四維,2,13,無黨籍,6300006
台北市,台北市第6選舉區,張幸松,1,13,台灣民眾黨,6300006
台北市,台北市第7選舉區,吳郁瑾Sawmah．Kawlo,1,1,民進黨,6300007
台北市,台北市第7選舉區,李芳儒,2,1,國民黨,6300007
台北市,台北市第8選舉區,陳慧君Mulas．Ismahasan,2,1,民進黨,6300008
台北市,台北市第8選舉區,高為人Sayun．Watan,3,1,無黨籍,6300008
台北市,台北市第8選舉區,李傅中武,1,1,國民黨,6300008
台東縣,台東縣第10選舉區,楊清順Cinsun．Pawtawan,1,1,國民黨,1001410
台東縣,台東縣第11選舉區,嚴惠美Simoy．Sapod,1,2,無黨籍,1001411
台東縣,台東縣第11選舉區,武雪恩,4,2,無黨籍,1001411
台東縣,台東縣第11選舉區,高美珠,3,2,國民黨,1001411
台東縣,台東縣第11選舉區,楊秋珍,2,2,國民黨,1001411
台東縣,台東縣第12選舉區,古志成,1,1,國民黨,1001412
台東縣,台東縣第13選舉區,余秀芳,3,1,無黨籍,1001413
台東縣,台東縣第13選舉區,江金香,2,1,無黨籍,1001413
台東縣,台東縣第13選舉區,張全馨嵐,1,1,國民黨,1001413
台東縣,台東縣第14選舉區,章正輝Lemaljiz．Kusaza,1,1,國民黨,1001414
台東縣,台東縣第14選舉區,林本森,2,1,無黨籍,1001414
台東縣,台東縣第15選舉區,蔡玉玲,3,1,國民黨,1001415
台東縣,台東縣第15選舉區,葉巴格力亞斯振宇,2,1,無黨籍,1001415
台東縣,台東縣第15選舉區,林芳如,1,1,無黨籍,1001415
台東縣,台東縣第16選舉區,施森茂,3,1,無黨籍,1001416
台東縣,台東縣第16選舉區,黃天德,2,1,無黨籍,1001416
台東縣,台東縣第16選舉區,黃碧妹,1,1,無黨籍,1001416
台東縣,台東縣第1選舉區,張國洲,19,10,國民黨,1001401
台東縣,台東縣第1選舉區,簡維國,18,10,民進黨,1001401
台東縣,台東縣第1選舉區,劉秋美,17,10,無黨籍,1001401
台東縣,台東縣第1選舉區,王文怡,16,10,無黨籍,1001401
台東縣,台東縣第1選舉區,林文隆,15,10,民進黨,1001401
台東縣,台東縣第1選舉區,李建智,14,10,國民黨,1001401
台東縣,台東縣第1選舉區,張躍贏,13,10,無黨籍,1001401
台東縣,台東縣第1選舉區,傅文鵬,12,10,國民黨,1001401
台東縣,台東縣第1選舉區,余振維,11,10,民進黨,1001401
台東縣,台東縣第1選舉區,吳景槐,10,10,無黨籍,1001401
台東縣,台東縣第1選舉區,黃治維,9,10,民進黨,1001401
台東縣,台東縣第1選舉區,宋良安,8,10,無黨籍,1001401
台東縣,台東縣第1選舉區,陳允萍,7,10,無黨籍,1001401
台東縣,台東縣第1選舉區,蔣明道,6,10,無黨籍,1001401
台東縣,台東縣第1選舉區,吳秀華,5,10,國民黨,1001401
台東縣,台東縣第1選舉區,林參天,4,10,無黨籍,1001401
台東縣,台東縣第1選舉區,陳志峰,3,10,國民黨,1001401
台東縣,台東縣第1選舉區,林冠任,2,10,台灣民眾黨,1001401
台東縣,台東縣第1選舉區,周達三,1,10,國民黨,1001401
台東縣,台東縣第2選舉區,許文獻,2,1,民進黨,1001402
台東縣,台東縣第2選舉區,楊招信,1,1,國民黨,1001402
台東縣,台東縣第3選舉區,許進榮,2,2,無黨籍,1001403
台東縣,台東縣第3選舉區,林東滿,1,2,國民黨,1001403
台東縣,台東縣第4選舉區,林金樺,6,2,民進黨,1001404
台東縣,台東縣第4選舉區,張堯城,5,2,無黨籍,1001404
台東縣,台東縣第4選舉區,王瀚駿,4,2,台灣維新,1001404
台東縣,台東縣第4選舉區,陳宏宗,3,2,無黨籍,1001404
台東縣,台東縣第4選舉區,潘貴蘭,2,2,無黨籍,1001404
台東縣,台東縣第4選舉區,戴文達,1,2,國民黨,1001404
台東縣,台東縣第5選舉區,林曉彤,2,1,無黨籍,1001405
台東縣,台東縣第5選舉區,翁麗吟,1,1,國民黨,1001405
台東縣,台東縣第6選舉區,李數奼,4,1,國民黨,1001406
台東縣,台東縣第6選舉區,林為德,3,1,無黨籍,1001406
台東縣,台東縣第6選舉區,王姷力,2,1,無黨籍,1001406
台東縣,台東縣第6選舉區,林誌鴻,1,1,無黨籍,1001406
台東縣,台東縣第7選舉區,林琮翰,6,3,國民黨,1001407
台東縣,台東縣第7選舉區,陳政宗,5,3,無黨籍,1001407
台東縣,台東縣第7選舉區,方賢仁,4,3,國民黨,1001407
台東縣,台東縣第7選舉區,林秀信,3,3,無黨籍,1001407
台東縣,台東縣第7選舉區,張信一,2,3,無黨籍,1001407
台東縣,台東縣第7選舉區,陽昇宏,1,3,國民黨,1001407
台東縣,台東縣第8選舉區,江堅壽,2,1,無黨籍,1001408
台東縣,台東縣第8選舉區,鄭崗山,1,1,國民黨,1001408
台東縣,台東縣第9選舉區,尤忠正,1,1,國民黨,1001409
台南市,台南市第10選舉區,邱瓊儀,10,5,小民參政歐巴桑聯盟,6700010
台南市,台南市第10選舉區,陳世安,9,5,無黨籍,6700010
台南市,台南市第10選舉區,王家貞,8,5,國民黨,6700010
台南市,台南市第10選舉區,蔡旺詮,7,5,民進黨,6700010
台南市,台南市第10選舉區,蔡宛秦,6,5,台灣民眾黨,6700010
台南市,台南市第10選舉區,曾之婕,5,5,無黨籍,6700010
台南市,台南市第10選舉區,陳金鐘,4,5,民進黨,6700010
台南市,台南市第10選舉區,曾培雅,3,5,國民黨,6700010
台南市,台南市第10選舉區,蔡筱薇,2,5,民進黨,6700010
台南市,台南市第10選舉區,李宗霖,1,5,台灣基進,6700010
台南市,台南市第11選舉區,杜素吟,8,5,無黨團結聯盟,6700011
台南市,台南市第11選舉區,郭鴻儀,7,5,民進黨,6700011
台南市,台南市第11選舉區,吳禹寰,6,5,無黨籍,6700011
台南市,台南市第11選舉區,翁語含,5,5,無黨籍,6700011
台南市,台南市第11選舉區,許又仁,4,5,無黨籍,6700011
台南市,台南市第11選舉區,江國銘,3,5,台灣民眾黨,6700011
台南市,台南市第11選舉區,陳皇宇,2,5,民進黨,6700011
台南市,台南市第11選舉區,鄭佳欣,1,5,民進黨,6700011
台南市,台南市第12選舉區,穎艾達利Ingay．Tali,2,1,無黨籍,6700012
台南市,台南市第12選舉區,李美素,1,1,無黨籍,6700012
台南市,台南市第13選舉區,施余興望Tjakumay．Tagaw,3,1,無黨籍,6700013
台南市,台南市第13選舉區,伍宗康,2,1,無黨籍,6700013
台南市,台南市第13選舉區,賴惠美,1,1,無黨籍,6700013
台南市,台南市第1選舉區,李宗翰,9,6,民進黨,6700001
台南市,台南市第1選舉區,王宣貿,8,6,民進黨,6700001
台南市,台南市第1選舉區,張世賢,7,6,國民黨,6700001
台南市,台南市第1選舉區,姚正玉,6,6,國民黨,6700001
台南市,台南市第1選舉區,劉米山,5,6,民進黨,6700001
台南市,台南市第1選舉區,趙昆原,4,6,無黨籍,6700001
台南市,台南市第1選舉區,廖志峯,3,6,無黨籍,6700001
台南市,台南市第1選舉區,沈家鳳,2,6,民進黨,6700001
台南市,台南市第1選舉區,蔡育輝,1,6,國民黨,6700001
台南市,台南市第2選舉區,黄建昌,9,5,台灣基進,6700002
台南市,台南市第2選舉區,方一峰,7,5,國民黨,6700002
台南市,台南市第2選舉區,蔣琦君,6,5,無黨籍,6700002
台南市,台南市第2選舉區,陳昆和,4,5,無黨籍,6700002
台南市,台南市第2選舉區,謝舒凡,3,5,民進黨,6700002
台南市,台南市第2選舉區,蔡蘇秋金,2,5,民進黨,6700002
台南市,台南市第2選舉區,蔡秋蘭,1,5,民進黨,6700002
台南市,台南市第3選舉區,吳通龍,6,3,民進黨,6700003
台南市,台南市第3選舉區,郭秀珠,5,3,無黨團結聯盟,6700003
台南市,台南市第3選舉區,姜雨良,4,3,無黨籍,6700003
台南市,台南市第3選舉區,尤榮智,3,3,國民黨,6700003
台南市,台南市第3選舉區,陳沛然,2,3,無黨籍,6700003
台南市,台南市第3選舉區,陳秋宏,1,3,民進黨,6700003
台南市,台南市第4選舉區,陳福慶,2,1,民進黨,6700004
台南市,台南市第4選舉區,周奕齊,1,1,無黨籍,6700004
台南市,台南市第5選舉區,林志展,9,5,民進黨,6700005
台南市,台南市第5選舉區,王清崎,8,5,無黨籍,6700005
台南市,台南市第5選舉區,余柷青,7,5,民進黨,6700005
台南市,台南市第5選舉區,林全忠,6,5,國民黨,6700005
台南市,台南市第5選舉區,陳碧玉,5,5,民進黨,6700005
台南市,台南市第5選舉區,洪岳銘,4,5,台灣民眾黨,6700005
台南市,台南市第5選舉區,李偉智,3,5,民進黨,6700005
台南市,台南市第5選舉區,李文俊,2,5,國民黨,6700005
台南市,台南市第5選舉區,廖俊道,1,5,無黨籍,6700005
台南市,台南市第6選舉區,王錦德,14,6,民進黨,6700006
台南市,台南市第6選舉區,童小芸,13,6,國民黨,6700006
台南市,台南市第6選舉區,蔡麗青,12,6,民進黨,6700006
台南市,台南市第6選舉區,陳瑜緁,11,6,無黨籍,6700006
台南市,台南市第6選舉區,李中岑,10,6,國民黨,6700006
台南市,台南市第6選舉區,林緯,8,6,無黨籍,6700006
台南市,台南市第6選舉區,郭清華,7,6,民進黨,6700006
台南市,台南市第6選舉區,陳詩薇,6,6,台灣民眾黨,6700006
台南市,台南市第6選舉區,陳進星,5,6,無黨籍,6700006
台南市,台南市第6選舉區,黃麗招,5,6,無黨籍,6700006
台南市,台南市第6選舉區,郭信良,4,6,無黨籍,6700006
台南市,台南市第6選舉區,陳建大明,3,6,時代力量,6700006
台南市,台南市第6選舉區,邱昭勝,2,6,無黨籍,6700006
台南市,台南市第6選舉區,王明彥,1,6,台灣基進,6700006
台南市,台南市第7選舉區,林易瑩,15,7,時代力量,6700007
台南市,台南市第7選舉區,江品璁,14,7,台灣民眾黨,6700007
台南市,台南市第7選舉區,蔡明峰,13,7,無黨籍,6700007
台南市,台南市第7選舉區,林冠維,12,7,無黨團結聯盟,6700007
台南市,台南市第7選舉區,朱正軒,11,7,民進黨,6700007
台南市,台南市第7選舉區,馬杰睿,10,7,無黨籍,6700007
台南市,台南市第7選舉區,黃肇輝,9,7,民進黨,6700007
台南市,台南市第7選舉區,許崇洲,8,7,無黨籍,6700007
台南市,台南市第7選舉區,李鎮國,7,7,國民黨,6700007
台南市,台南市第7選舉區,陳世霖,6,7,無黨籍,6700007
台南市,台南市第7選舉區,楊中成,5,7,台灣團結聯盟,6700007
台南市,台南市第7選舉區,吳依潔,4,7,台灣基進,6700007
台南市,台南市第7選舉區,林燕祝,3,7,國民黨,6700007
台南市,台南市第7選舉區,杜雪吟,2,7,小民參政歐巴桑聯盟,6700007
台南市,台南市第7選舉區,陳秋萍,1,7,民進黨,6700007
台南市,台南市第8選舉區,周嘉韋,10,6,民進黨,6700008
台南市,台南市第8選舉區,李晉豪,9,6,無黨籍,6700008
台南市,台南市第8選舉區,李冠霖,8,6,時代力量,6700008
台南市,台南市第8選舉區,沈震東,7,6,民進黨,6700008
台南市,台南市第8選舉區,許至椿,6,6,國民黨,6700008
台南市,台南市第8選舉區,高凱旋,5,6,國民黨,6700008
台南市,台南市第8選舉區,蔡宗豪,4,6,國民黨,6700008
台南市,台南市第8選舉區,陳怡珍,3,6,民進黨,6700008
台南市,台南市第8選舉區,江明宗,2,6,台灣民眾黨,6700008
台南市,台南市第8選舉區,邱莉莉,1,6,民進黨,6700008
台南市,台南市第9選舉區,蔡淑惠,11,6,國民黨,6700009
台南市,台南市第9選舉區,呂維胤,10,6,民進黨,6700009
台南市,台南市第9選舉區,莊玉珠,9,6,無黨籍,6700009
台南市,台南市第9選舉區,李啓維,8,6,民進黨,6700009
台南市,台南市第9選舉區,李伯利,7,6,無黨籍,6700009
台南市,台南市第9選舉區,林依婷,6,6,民進黨,6700009
台南市,台南市第9選舉區,陳冠娟,5,6,小民參政歐巴桑聯盟,6700009
台南市,台南市第9選舉區,陳嘉伶,4,6,台灣基進,6700009
台南市,台南市第9選舉區,周麗津,3,6,民進黨,6700009
台南市,台南市第9選舉區,林美燕,2,6,國民黨,6700009
台南市,台南市第9選舉區,盧崑福,1,6,國民黨,6700009
宜蘭縣,宜蘭縣第10選舉區,陳玉萍,4,3,無黨籍,1000210
宜蘭縣,宜蘭縣第10選舉區,謝正信,3,3,民進黨,1000210
宜蘭縣,宜蘭縣第10選舉區,李茂豐,2,3,國民黨,1000210
宜蘭縣,宜蘭縣第10選舉區,陳金麟,1,3,國民黨,1000210
宜蘭縣,宜蘭縣第11選舉區,孫湯玉惠,1,1,無黨籍,1000211
宜蘭縣,宜蘭縣第12選舉區,陳傑麟,2,1,親民黨,1000212
宜蘭縣,宜蘭縣第12選舉區,沈志弘,1,1,國民黨,1000212
宜蘭縣,宜蘭縣第13選舉區,游吉祥,1,1,國民黨,1000213
宜蘭縣,宜蘭縣第1選舉區,林岳賢,17,7,國民黨,1000201
宜蘭縣,宜蘭縣第1選舉區,吳長青,16,7,無黨籍,1000201
宜蘭縣,宜蘭縣第1選舉區,潘淑芬,15,7,無黨籍,1000201
宜蘭縣,宜蘭縣第1選舉區,孫博萮,14,7,無黨籍,1000201
宜蘭縣,宜蘭縣第1選舉區,黃定和,13,7,無黨籍,1000201
宜蘭縣,宜蘭縣第1選舉區,楊順木,12,7,正神名黨,1000201
宜蘭縣,宜蘭縣第1選舉區,黃惠慈,11,7,民進黨,1000201
宜蘭縣,宜蘭縣第1選舉區,莊淑如,10,7,國民黨,1000201
宜蘭縣,宜蘭縣第1選舉區,胡健森,9,7,無黨籍,1000201
宜蘭縣,宜蘭縣第1選舉區,林正芳,8,7,時代力量,1000201
宜蘭縣,宜蘭縣第1選舉區,吳福田,7,7,民進黨,1000201
宜蘭縣,宜蘭縣第1選舉區,林錫明,6,7,無黨籍,1000201
宜蘭縣,宜蘭縣第1選舉區,林麗,5,7,民進黨,1000201
宜蘭縣,宜蘭縣第1選舉區,尤文瀚,4,7,台灣民眾黨,1000201
宜蘭縣,宜蘭縣第1選舉區,張勝德,3,7,國民黨,1000201
宜蘭縣,宜蘭縣第1選舉區,魯秀傑,2,7,無黨籍,1000201
宜蘭縣,宜蘭縣第1選舉區,陳漢澤,1,7,台灣基進,1000201
宜蘭縣,宜蘭縣第2選舉區,林詩穎,4,2,民進黨,1000202
宜蘭縣,宜蘭縣第2選舉區,賴良洲,3,2,國民黨,1000202
宜蘭縣,宜蘭縣第2選舉區,簡英俊,2,2,無黨籍,1000202
宜蘭縣,宜蘭縣第2選舉區,林東成,1,2,無黨籍,1000202
宜蘭縣,宜蘭縣第3選舉區,吳宏謀,3,2,民進黨,1000203
宜蘭縣,宜蘭縣第3選舉區,李清林,2,2,國民黨,1000203
宜蘭縣,宜蘭縣第3選舉區,林聰池,1,2,無黨籍,1000203
宜蘭縣,宜蘭縣第4選舉區,黃浴沂,2,2,國民黨,1000204
宜蘭縣,宜蘭縣第4選舉區,陳俊宇,1,2,民進黨,1000204
宜蘭縣,宜蘭縣第5選舉區,陳福山,2,2,無黨籍,1000205
宜蘭縣,宜蘭縣第5選舉區,黃建勇,1,2,國民黨,1000205
宜蘭縣,宜蘭縣第6選舉區,陳鴻禧,9,5,國民黨,1000206
宜蘭縣,宜蘭縣第6選舉區,謝家倫,8,5,民進黨,1000206
宜蘭縣,宜蘭縣第6選舉區,呂惠卿,7,5,民進黨,1000206
宜蘭縣,宜蘭縣第6選舉區,楊坊翔,6,5,時代力量,1000206
宜蘭縣,宜蘭縣第6選舉區,劉添梧,5,5,民進黨,1000206
宜蘭縣,宜蘭縣第6選舉區,林意評,4,5,台灣基進,1000206
宜蘭縣,宜蘭縣第6選舉區,陳漢鍾,3,5,無黨籍,1000206
宜蘭縣,宜蘭縣第6選舉區,謝志得,2,5,台灣民眾黨,1000206
宜蘭縣,宜蘭縣第6選舉區,黃琤婷,1,5,國民黨,1000206
宜蘭縣,宜蘭縣第7選舉區,林義剛,4,3,國民黨,1000207
宜蘭縣,宜蘭縣第7選舉區,簡松樹,3,3,民進黨,1000207
宜蘭縣,宜蘭縣第7選舉區,張明華,2,3,民進黨,1000207
宜蘭縣,宜蘭縣第7選舉區,沈信雄,1,3,無黨籍,1000207
宜蘭縣,宜蘭縣第8選舉區,楊弘旻,6,4,國民黨,1000208
宜蘭縣,宜蘭縣第8選舉區,江汶賢,5,4,民進黨,1000208
宜蘭縣,宜蘭縣第8選舉區,張芷珊,4,4,無黨籍,1000208
宜蘭縣,宜蘭縣第8選舉區,邱素梅,3,4,無黨籍,1000208
宜蘭縣,宜蘭縣第8選舉區,林佩螢,2,4,民進黨,1000208
宜蘭縣,宜蘭縣第8選舉區,謝燦輝,1,4,民進黨,1000208
宜蘭縣,宜蘭縣第9選舉區,江信賢,3,1,無黨籍,1000209
宜蘭縣,宜蘭縣第9選舉區,陳文昌,2,1,民進黨,1000209
宜蘭縣,宜蘭縣第9選舉區,吳珮菱,1,1,無黨籍,1000209
花蓮縣,花蓮縣第10選舉區,高小成Haisul．Tanapima,1,1,國民黨,1001510
花蓮縣,花蓮縣第10選舉區,金淑敏,2,1,國民黨,1001510
花蓮縣,花蓮縣第1選舉區,胡仁順,12,9,民進黨,1001501
花蓮縣,花蓮縣第1選舉區,吳東昇,11,9,國民黨,1001501
花蓮縣,花蓮縣第1選舉區,蔡翼鍾,10,9,國民黨,1001501
花蓮縣,花蓮縣第1選舉區,謝國榮,9,9,國民黨,1001501
花蓮縣,花蓮縣第1選舉區,魏嘉賢,8,9,無黨籍,1001501
花蓮縣,花蓮縣第1選舉區,韓林梅,7,9,國民黨,1001501
花蓮縣,花蓮縣第1選舉區,徐子芳,6,9,國民黨,1001501
花蓮縣,花蓮縣第1選舉區,洪士閔,5,9,國民黨,1001501
花蓮縣,花蓮縣第1選舉區,林宗昆,4,9,國民黨,1001501
花蓮縣,花蓮縣第1選舉區,傅國淵,3,9,台灣民眾黨,1001501
花蓮縣,花蓮縣第1選舉區,楊華美,2,9,無黨籍,1001501
花蓮縣,花蓮縣第1選舉區,張美慧,1,9,民進黨,1001501
花蓮縣,花蓮縣第2選舉區,陳財能,3,2,民進黨,1001502
花蓮縣,花蓮縣第2選舉區,鄭寶秀,2,2,國民黨,1001502
花蓮縣,花蓮縣第2選舉區,邱光明,1,2,國民黨,1001502
花蓮縣,花蓮縣第3選舉區,林源富,15,9,無黨籍,1001503
花蓮縣,花蓮縣第3選舉區,沈君茹,14,9,無黨籍,1001503
花蓮縣,花蓮縣第3選舉區,黃馨,13,9,國民黨,1001503
花蓮縣,花蓮縣第3選舉區,張正治,12,9,國民黨,1001503
花蓮縣,花蓮縣第3選舉區,鄭乾龍,11,9,無黨籍,1001503
花蓮縣,花蓮縣第3選舉區,王能昌,10,9,無黨籍,1001503
花蓮縣,花蓮縣第3選舉區,蔡文隆,9,9,國民黨,1001503
花蓮縣,花蓮縣第3選舉區,王格致,8,9,民進黨,1001503
花蓮縣,花蓮縣第3選舉區,潘璿安,7,9,台灣民眾黨,1001503
花蓮縣,花蓮縣第3選舉區,張峻,6,9,無黨籍,1001503
花蓮縣,花蓮縣第3選舉區,陳慶元,5,9,時代力量,1001503
花蓮縣,花蓮縣第3選舉區,吳建志,4,9,國民黨,1001503
花蓮縣,花蓮縣第3選舉區,徐雪玉,3,9,國民黨,1001503
花蓮縣,花蓮縣第3選舉區,林品仰,2,9,國民黨,1001503
花蓮縣,花蓮縣第3選舉區,林則葹,1,9,民進黨,1001503
花蓮縣,花蓮縣第4選舉區,陳飛廷,5,3,民進黨,1001504
花蓮縣,花蓮縣第4選舉區,詹金富,4,3,國民黨,1001504
花蓮縣,花蓮縣第4選舉區,鍾素政,3,3,國民黨,1001504
花蓮縣,花蓮縣第4選舉區,黃玲蘭,2,3,無黨籍,1001504
花蓮縣,花蓮縣第4選舉區,陳志明,1,3,無黨籍,1001504
花蓮縣,花蓮縣第5選舉區,笛布斯．顗賚,1,3,無黨籍,1001505
花蓮縣,花蓮縣第5選舉區,林資斌,7,3,民進黨,1001505
花蓮縣,花蓮縣第5選舉區,陳進德,6,3,國民黨,1001505
花蓮縣,花蓮縣第5選舉區,李正文,5,3,無黨籍,1001505
花蓮縣,花蓮縣第5選舉區,周駿宥,4,3,國民黨,1001505
花蓮縣,花蓮縣第5選舉區,督固．撒耘,3,3,國民黨,1001505
花蓮縣,花蓮縣第5選舉區,葉志豪,2,3,無黨籍,1001505
花蓮縣,花蓮縣第6選舉區,何進雄Kin Cian．Ri Pun,1,2,國民黨,1001506
花蓮縣,花蓮縣第6選舉區,賴國祥O．Seng．Kati,3,2,無黨籍,1001506
花蓮縣,花蓮縣第6選舉區,蔡依靜Lamen．Panay,4,2,無黨籍,1001506
花蓮縣,花蓮縣第6選舉區,林正福,2,2,國民黨,1001506
花蓮縣,花蓮縣第7選舉區,哈尼．噶照Hani．Kacaw,5,2,無黨籍,1001507
花蓮縣,花蓮縣第7選舉區,葉微琪,4,2,無黨籍,1001507
花蓮縣,花蓮縣第7選舉區,陳建忠,3,2,國民黨,1001507
花蓮縣,花蓮縣第7選舉區,陳德仁,2,2,無黨籍,1001507
花蓮縣,花蓮縣第7選舉區,林玉芬,1,2,國民黨,1001507
花蓮縣,花蓮縣第8選舉區,程美蓮,3,1,國民黨,1001508
花蓮縣,花蓮縣第8選舉區,田韻馨,2,1,無黨籍,1001508
花蓮縣,花蓮縣第8選舉區,連一龍,1,1,無黨籍,1001508
花蓮縣,花蓮縣第9選舉區,吳香蘭Hisa．Sakay,1,1,國民黨,1001509
花蓮縣,花蓮縣第9選舉區,簡智隆,2,1,無黨籍,1001509
金門縣,金門縣第1選舉區,胡凱宇,16,10,無黨籍,0902001
金門縣,金門縣第1選舉區,董森堡,15,10,無黨籍,0902001
金門縣,金門縣第1選舉區,翁文奧,14,10,無黨籍,0902001
金門縣,金門縣第1選舉區,許大鴻,13,10,無黨籍,0902001
金門縣,金門縣第1選舉區,王碧珍,12,10,無黨籍,0902001
金門縣,金門縣第1選舉區,唐麗輝,11,10,無黨籍,0902001
金門縣,金門縣第1選舉區,李養生,10,10,無黨籍,0902001
金門縣,金門縣第1選舉區,洪允典,9,10,國民黨,0902001
金門縣,金門縣第1選舉區,陳泱瑚,8,10,無黨籍,0902001
金門縣,金門縣第1選舉區,楊永立,7,10,國民黨,0902001
金門縣,金門縣第1選舉區,周曉芸,6,10,民眾黨,0902001
金門縣,金門縣第1選舉區,蔡其雍,5,10,民進黨,0902001
金門縣,金門縣第1選舉區,楊霈璿,4,10,無黨籍,0902001
金門縣,金門縣第1選舉區,許玉昭,3,10,國民黨,0902001
金門縣,金門縣第1選舉區,石永城,2,10,無黨籍,0902001
金門縣,金門縣第1選舉區,歐陽儀雄,1,10,國民黨,0902001
金門縣,金門縣第2選舉區,張雲量,13,7,無黨籍,0902002
金門縣,金門縣第2選舉區,吳佩雯,12,7,無黨籍,0902002
金門縣,金門縣第2選舉區,林長鴻,11,7,國民黨,0902002
金門縣,金門縣第2選舉區,蔡水游,10,7,無黨籍,0902002
金門縣,金門縣第2選舉區,王秀玉,9,7,國民黨,0902002
金門縣,金門縣第2選舉區,周子傑,8,7,國民黨,0902002
金門縣,金門縣第2選舉區,楊育菡,7,7,無黨籍,0902002
金門縣,金門縣第2選舉區,馬自壯,6,7,國民黨,0902002
金門縣,金門縣第2選舉區,王國代,5,7,國民黨,0902002
金門縣,金門縣第2選舉區,歐陽豪,4,7,無黨籍,0902002
金門縣,金門縣第2選舉區,吳金鏷,3,7,無黨籍,0902002
金門縣,金門縣第2選舉區,黃子誠,2,7,無黨籍,0902002
金門縣,金門縣第2選舉區,陳錦偉,1,7,無黨籍,0902002
金門縣,金門縣第3選舉區,洪鴻斌,3,2,無黨籍,0902003
金門縣,金門縣第3選舉區,吳嘉將,2,2,無黨籍,0902003
金門縣,金門縣第3選舉區,洪成發,1,2,國民黨,0902003
南投縣,南投縣第1選舉區,洪志杰,26,10,無黨籍,1000801
南投縣,南投縣第1選舉區,楊玉秀,25,10,民進黨,1000801
南投縣,南投縣第1選舉區,史祝賢,24,10,無黨籍,1000801
南投縣,南投縣第1選舉區,林儒暘,23,10,國民黨,1000801
南投縣,南投縣第1選舉區,張秀枝,22,10,無黨籍,1000801
南投縣,南投縣第1選舉區,曾琮愷,21,10,民進黨,1000801
南投縣,南投縣第1選舉區,曾振炎,21,10,無黨籍,1000801
南投縣,南投縣第1選舉區,張錫淵,20,10,無黨籍,1000801
南投縣,南投縣第1選舉區,宋懷琳,19,10,國民黨,1000801
南投縣,南投縣第1選舉區,吳棋楠,18,10,民進黨,1000801
南投縣,南投縣第1選舉區,王鵬霖,17,10,無黨籍,1000801
南投縣,南投縣第1選舉區,簡千翔,15,10,台灣民眾黨,1000801
南投縣,南投縣第1選舉區,賴世皎,14,10,無黨籍,1000801
南投縣,南投縣第1選舉區,蔡宗智,13,10,無黨籍,1000801
南投縣,南投縣第1選舉區,史雪燕,12,10,國民黨,1000801
南投縣,南投縣第1選舉區,張婉慈,11,10,無黨籍,1000801
南投縣,南投縣第1選舉區,林佑虔,10,10,無黨籍,1000801
南投縣,南投縣第1選舉區,張雅琪,9,10,無黨籍,1000801
南投縣,南投縣第1選舉區,白騏澤,8,10,無黨籍,1000801
南投縣,南投縣第1選舉區,邱奇才,7,10,無黨籍,1000801
南投縣,南投縣第1選舉區,紀百鍊,6,10,國民黨,1000801
南投縣,南投縣第1選舉區,沈夙崢,5,10,民進黨,1000801
南投縣,南投縣第1選舉區,洪浩原,4,10,國民黨,1000801
南投縣,南投縣第1選舉區,林憶如,3,10,國民黨,1000801
南投縣,南投縣第1選舉區,王燕珠,2,10,無黨籍,1000801
南投縣,南投縣第1選舉區,洪明科,1,10,無黨籍,1000801
南投縣,南投縣第2選舉區,廖明川,12,8,無黨籍,1000802
南投縣,南投縣第2選舉區,簡峻庭,11,8,無黨籍,1000802
南投縣,南投縣第2選舉區,邱淑君,10,8,無黨籍,1000802
南投縣,南投縣第2選舉區,蔡銘軒,9,8,民進黨,1000802
南投縣,南投縣第2選舉區,阮惠心,8,8,台灣新住民黨,1000802
南投縣,南投縣第2選舉區,李帛璋,7,8,民進黨,1000802
南投縣,南投縣第2選舉區,唐曉棻,6,8,國民黨,1000802
南投縣,南投縣第2選舉區,林友友,5,8,無黨籍,1000802
南投縣,南投縣第2選舉區,莊士傑,4,8,無黨籍,1000802
南投縣,南投縣第2選舉區,簡賜勝,3,8,無黨籍,1000802
南投縣,南投縣第2選舉區,李洲忠,2,8,國民黨,1000802
南投縣,南投縣第2選舉區,廖梓佑,1,8,民進黨,1000802
南投縣,南投縣第3選舉區,李天慧,7,4,台灣民眾黨,1000803
南投縣,南投縣第3選舉區,陳淑惠,6,4,國民黨,1000803
南投縣,南投縣第3選舉區,謝明謀,5,4,國民黨,1000803
南投縣,南投縣第3選舉區,王秋淑,4,4,民進黨,1000803
南投縣,南投縣第3選舉區,黃春麟,3,4,無黨籍,1000803
南投縣,南投縣第3選舉區,陳奎合,2,4,國民黨,1000803
南投縣,南投縣第3選舉區,林良政,1,4,民進黨,1000803
南投縣,南投縣第4選舉區,何勝豐,7,5,無黨籍,1000804
南投縣,南投縣第4選舉區,陳玉鈴,6,5,民進黨,1000804
南投縣,南投縣第4選舉區,游顥,5,5,國民黨,1000804
南投縣,南投縣第4選舉區,吳瑞芳,4,5,無黨籍,1000804
南投縣,南投縣第4選舉區,蔡孟娥,3,5,無黨籍,1000804
南投縣,南投縣第4選舉區,黃東灝,2,5,國民黨,1000804
南投縣,南投縣第4選舉區,李廣演,1,5,無黨籍,1000804
南投縣,南投縣第5選舉區,蘇昱誠,10,7,民進黨,1000805
南投縣,南投縣第5選舉區,葉仁創,9,7,民進黨,1000805
南投縣,南投縣第5選舉區,潘一全,8,7,國民黨,1000805
南投縣,南投縣第5選舉區,王彩雲,7,7,國民黨,1000805
南投縣,南投縣第5選舉區,黃世芳,6,7,國民黨,1000805
南投縣,南投縣第5選舉區,林芳伃,5,7,國民黨,1000805
南投縣,南投縣第5選舉區,戴世詮,4,7,無黨籍,1000805
南投縣,南投縣第5選舉區,吳國昌,3,7,無黨籍,1000805
南投縣,南投縣第5選舉區,陳宜君,2,7,民進黨,1000805
南投縣,南投縣第5選舉區,陳淯程,1,7,無黨籍,1000805
南投縣,南投縣第6選舉區,石慶龍,1,1,無黨籍,1000806
南投縣,南投縣第6選舉區,江秉翰,2,1,民進黨,1000806
南投縣,南投縣第7選舉區,全文才,2,1,國民黨,1000807
南投縣,南投縣第7選舉區,王榮儀,1,1,無黨籍,1000807
南投縣,南投縣第8選舉區,林婷立,2,1,國民黨,1000808
南投縣,南投縣第8選舉區,廖崧皓,1,1,國民黨,1000808
屏東縣,屏東縣第10選舉區,陸宥熹,3,1,無黨籍,1001310
屏東縣,屏東縣第10選舉區,梁明輝,2,1,無黨籍,1001310
屏東縣,屏東縣第10選舉區,高惠芬,1,1,國民黨,1001310
屏東縣,屏東縣第11選舉區,何長成,1,1,無黨籍,1001311
屏東縣,屏東縣第12選舉區,羅俊傑,3,1,國民黨,1001312
屏東縣,屏東縣第12選舉區,越秋女,2,1,無黨籍,1001312
屏東縣,屏東縣第12選舉區,許蘭花,1,1,無黨籍,1001312
屏東縣,屏東縣第13選舉區,柯自強Langalang．Palivulj,1,1,無黨籍,1001313
屏東縣,屏東縣第13選舉區,周陳曉玟,2,1,無黨籍,1001313
屏東縣,屏東縣第14選舉區,李紀財Mulaneng．Paliuliu,2,1,無黨籍,1001314
屏東縣,屏東縣第14選舉區,李振榮,1,1,無黨籍,1001314
屏東縣,屏東縣第15選舉區,林采穎,1,1,無黨籍,1001315
屏東縣,屏東縣第16選舉區,柯海燕,3,1,無黨籍,1001316
屏東縣,屏東縣第16選舉區,杜仁勇,2,1,無黨籍,1001316
屏東縣,屏東縣第16選舉區,賴天賜,1,1,無黨籍,1001316
屏東縣,屏東縣第1選舉區,林明順,25,12,無黨籍,1001301
屏東縣,屏東縣第1選舉區,李世斌,24,12,民進黨,1001301
屏東縣,屏東縣第1選舉區,張平原,23,12,無黨籍,1001301
屏東縣,屏東縣第1選舉區,鍾明輝,22,12,民進黨,1001301
屏東縣,屏東縣第1選舉區,梁育慈,21,12,民進黨,1001301
屏東縣,屏東縣第1選舉區,方華雄,20,12,國民黨,1001301
屏東縣,屏東縣第1選舉區,方一祥,19,12,民進黨,1001301
屏東縣,屏東縣第1選舉區,陳哲蕙,18,12,無黨籍,1001301
屏東縣,屏東縣第1選舉區,蘇煥鈞,17,12,民進黨,1001301
屏東縣,屏東縣第1選舉區,陳炫言,16,12,台灣民眾黨,1001301
屏東縣,屏東縣第1選舉區,陳揚,15,12,國民黨,1001301
屏東縣,屏東縣第1選舉區,李承育,14,12,時代力量,1001301
屏東縣,屏東縣第1選舉區,曾義雄,13,12,國民黨,1001301
屏東縣,屏東縣第1選舉區,趙文俊,12,12,無黨籍,1001301
屏東縣,屏東縣第1選舉區,唐玉琴,11,12,國民黨,1001301
屏東縣,屏東縣第1選舉區,蔣家煌,10,12,無黨籍,1001301
屏東縣,屏東縣第1選舉區,蘇資婷,9,12,國民黨,1001301
屏東縣,屏東縣第1選舉區,陳秋豪,8,12,台灣基進,1001301
屏東縣,屏東縣第1選舉區,蔣月惠,7,12,無黨籍,1001301
屏東縣,屏東縣第1選舉區,黃明賢,6,12,國民黨,1001301
屏東縣,屏東縣第1選舉區,梁梅瑛,5,12,無黨籍,1001301
屏東縣,屏東縣第1選舉區,陳韋強,4,12,無黨籍,1001301
屏東縣,屏東縣第1選舉區,林建志,3,12,無黨籍,1001301
屏東縣,屏東縣第1選舉區,吳尤敏,2,12,民進黨,1001301
屏東縣,屏東縣第1選舉區,鄭清原,1,12,無黨籍,1001301
屏東縣,屏東縣第2選舉區,盧文瑞,12,8,無黨籍,1001302
屏東縣,屏東縣第2選舉區,陳明達,11,8,民進黨,1001302
屏東縣,屏東縣第2選舉區,許重慶,10,8,民進黨,1001302
屏東縣,屏東縣第2選舉區,柯信行,9,8,無黨籍,1001302
屏東縣,屏東縣第2選舉區,宋麗華,8,8,國民黨,1001302
屏東縣,屏東縣第2選舉區,何春美,7,8,國民黨,1001302
屏東縣,屏東縣第2選舉區,張振亮,6,8,民進黨,1001302
屏東縣,屏東縣第2選舉區,葉明博,5,8,無黨籍,1001302
屏東縣,屏東縣第2選舉區,王景山,4,8,國民黨,1001302
屏東縣,屏東縣第2選舉區,鍾詔元,3,8,無黨籍,1001302
屏東縣,屏東縣第2選舉區,吳亮慶,2,8,民進黨,1001302
屏東縣,屏東縣第2選舉區,蘇孟婕,1,8,無黨籍,1001302
屏東縣,屏東縣第3選舉區,曾德正,16,10,無黨籍,1001303
屏東縣,屏東縣第3選舉區,潘敏泉,15,10,無黨籍,1001303
屏東縣,屏東縣第3選舉區,吳慈慧,14,10,國民黨,1001303
屏東縣,屏東縣第3選舉區,林郁虹,13,10,無黨籍,1001303
屏東縣,屏東縣第3選舉區,洪明江,12,10,民進黨,1001303
屏東縣,屏東縣第3選舉區,陳志成,11,10,無黨籍,1001303
屏東縣,屏東縣第3選舉區,李世淦,10,10,國民黨,1001303
屏東縣,屏東縣第3選舉區,蕭禾秦,9,10,無黨籍,1001303
屏東縣,屏東縣第3選舉區,陳宗廷,8,10,無黨籍,1001303
屏東縣,屏東縣第3選舉區,許馨勻,7,10,國民黨,1001303
屏東縣,屏東縣第3選舉區,徐榮耀,6,10,國民黨,1001303
屏東縣,屏東縣第3選舉區,黃建溢,5,10,民進黨,1001303
屏東縣,屏東縣第3選舉區,林志成,4,10,無黨籍,1001303
屏東縣,屏東縣第3選舉區,潘長成,3,10,台灣團結聯盟,1001303
屏東縣,屏東縣第3選舉區,利八魁,2,10,民進黨,1001303
屏東縣,屏東縣第3選舉區,潘連周,1,10,無黨籍,1001303
屏東縣,屏東縣第4選舉區,方天仕,13,8,民進黨,1001304
屏東縣,屏東縣第4選舉區,洪宗麒,12,8,國民黨,1001304
屏東縣,屏東縣第4選舉區,何輝能,11,8,民進黨,1001304
屏東縣,屏東縣第4選舉區,林宇澤,10,8,無黨籍,1001304
屏東縣,屏東縣第4選舉區,郭再添,9,8,無黨籍,1001304
屏東縣,屏東縣第4選舉區,劉孟君,8,8,民進黨,1001304
屏東縣,屏東縣第4選舉區,許展維,7,8,民進黨,1001304
屏東縣,屏東縣第4選舉區,方文正,6,8,民進黨,1001304
屏東縣,屏東縣第4選舉區,林蔡鳯梅,5,8,無黨籍,1001304
屏東縣,屏東縣第4選舉區,呂少麒,4,8,無黨籍,1001304
屏東縣,屏東縣第4選舉區,周典論,3,8,國民黨,1001304
屏東縣,屏東縣第4選舉區,鄭張常敏,2,8,無黨籍,1001304
屏東縣,屏東縣第4選舉區,洪志明,1,8,國民黨,1001304
屏東縣,屏東縣第5選舉區,羅平道,5,4,民進黨,1001305
屏東縣,屏東縣第5選舉區,黃盈裕,4,4,無黨籍,1001305
屏東縣,屏東縣第5選舉區,王啟敏,3,4,國民黨,1001305
屏東縣,屏東縣第5選舉區,張榮傑,2,4,無黨籍,1001305
屏東縣,屏東縣第5選舉區,周碧雲,1,4,民進黨,1001305
屏東縣,屏東縣第6選舉區,曾瓊慧,7,3,無黨籍,1001306
屏東縣,屏東縣第6選舉區,李建華,6,3,民進黨,1001306
屏東縣,屏東縣第6選舉區,潘芳泉,5,3,民進黨,1001306
屏東縣,屏東縣第6選舉區,盧玟欣,4,3,國民黨,1001306
屏東縣,屏東縣第6選舉區,張怡,3,3,無黨籍,1001306
屏東縣,屏東縣第6選舉區,郭麗玲,2,3,無黨籍,1001306
屏東縣,屏東縣第6選舉區,張榮志,1,3,國民黨,1001306
屏東縣,屏東縣第7選舉區,許允良,3,1,無黨籍,1001307
屏東縣,屏東縣第7選舉區,陳建興,3,1,無黨籍,1001307
屏東縣,屏東縣第7選舉區,王薇茗,1,1,無黨籍,1001307
屏東縣,屏東縣第8選舉區,潘坤福,3,1,國民黨,1001308
屏東縣,屏東縣第8選舉區,潘翠雲,2,1,國民黨,1001308
屏東縣,屏東縣第8選舉區,潘世杰,1,1,無黨籍,1001308
屏東縣,屏東縣第9選舉區,張利惠,2,1,國民黨,1001309
屏東縣,屏東縣第9選舉區,江金妹,1,1,無黨籍,1001309
苗栗縣,苗栗縣第1選舉區,楊明燁,16,9,無黨籍,1000501
苗栗縣,苗栗縣第1選舉區,謝庚霖,15,9,國民黨,1000501
苗栗縣,苗栗縣第1選舉區,黃萬盛,14,9,無黨籍,1000501
苗栗縣,苗栗縣第1選舉區,余文忠,13,9,無黨籍,1000501
苗栗縣,苗栗縣第1選舉區,楊喬安,12,9,台灣民眾黨,1000501
苗栗縣,苗栗縣第1選舉區,鄭碧玉,11,9,國民黨,1000501
苗栗縣,苗栗縣第1選舉區,徐筱菁,10,9,民進黨,1000501
苗栗縣,苗栗縣第1選舉區,莊智凱,9,9,無黨籍,1000501
苗栗縣,苗栗縣第1選舉區,羅以明,8,9,無黨籍,1000501
苗栗縣,苗栗縣第1選舉區,林志豪,7,9,時代力量,1000501
苗栗縣,苗栗縣第1選舉區,孫素娥,6,9,無黨籍,1000501
苗栗縣,苗栗縣第1選舉區,張志宇,5,9,無黨籍,1000501
苗栗縣,苗栗縣第1選舉區,許櫻萍,4,9,民進黨,1000501
苗栗縣,苗栗縣第1選舉區,湯維岳,3,9,無黨籍,1000501
苗栗縣,苗栗縣第1選舉區,曾美露,2,9,國民黨,1000501
苗栗縣,苗栗縣第1選舉區,禹耀東,1,9,無黨籍,1000501
苗栗縣,苗栗縣第2選舉區,羅貴星,5,3,民進黨,1000502
苗栗縣,苗栗縣第2選舉區,黃芳椿,4,3,國民黨,1000502
苗栗縣,苗栗縣第2選舉區,吳昌運,3,3,無黨籍,1000502
苗栗縣,苗栗縣第2選舉區,徐文達,2,3,國民黨,1000502
苗栗縣,苗栗縣第2選舉區,黎尚安,1,3,國民黨,1000502
苗栗縣,苗栗縣第3選舉區,孟文源,8,5,無黨籍,1000503
苗栗縣,苗栗縣第3選舉區,翁杰,7,5,民進黨,1000503
苗栗縣,苗栗縣第3選舉區,周玉滿,6,5,無黨籍,1000503
苗栗縣,苗栗縣第3選舉區,劉寶鈴,5,5,無黨籍,1000503
苗栗縣,苗栗縣第3選舉區,徐永煌,4,5,無黨籍,1000503
苗栗縣,苗栗縣第3選舉區,傅郁揚,3,5,台灣民眾黨,1000503
苗栗縣,苗栗縣第3選舉區,陳品安,2,5,無黨籍,1000503
苗栗縣,苗栗縣第3選舉區,張顧礫,1,5,無黨籍,1000503
苗栗縣,苗栗縣第4選舉區,廖秀紅,14,9,無黨籍,1000504
苗栗縣,苗栗縣第4選舉區,謝端容,13,9,台灣民眾黨,1000504
苗栗縣,苗栗縣第4選舉區,鄭秋風,12,9,國民黨,1000504
苗栗縣,苗栗縣第4選舉區,葉忠倫,11,9,時代力量,1000504
苗栗縣,苗栗縣第4選舉區,廖英利,10,9,無黨籍,1000504
苗栗縣,苗栗縣第4選舉區,蕭國清,9,9,無黨籍,1000504
苗栗縣,苗栗縣第4選舉區,陳碧華,8,9,無黨籍,1000504
苗栗縣,苗栗縣第4選舉區,徐明傑,7,9,無黨籍,1000504
苗栗縣,苗栗縣第4選舉區,吳亭亭,6,9,無黨籍,1000504
苗栗縣,苗栗縣第4選舉區,張佳玲,5,9,無黨籍,1000504
苗栗縣,苗栗縣第4選舉區,林寶珠,4,9,無黨籍,1000504
苗栗縣,苗栗縣第4選舉區,謝大山,3,9,無黨籍,1000504
苗栗縣,苗栗縣第4選舉區,邱毓興,2,9,民進黨,1000504
苗栗縣,苗栗縣第4選舉區,李文斌,1,9,無黨籍,1000504
苗栗縣,苗栗縣第5選舉區,鄭聚然,21,8,國民黨,1000505
苗栗縣,苗栗縣第5選舉區,李本欽,20,8,無黨籍,1000505
苗栗縣,苗栗縣第5選舉區,鍾維發,19,8,無黨籍,1000505
苗栗縣,苗栗縣第5選舉區,劉恭銘,18,8,無黨籍,1000505
苗栗縣,苗栗縣第5選舉區,徐功凡,17,8,無黨籍,1000505
苗栗縣,苗栗縣第5選舉區,陳詩弦,16,8,民進黨,1000505
苗栗縣,苗栗縣第5選舉區,徐沄臻,15,8,無黨籍,1000505
苗栗縣,苗栗縣第5選舉區,饒斯淵,14,8,無黨籍,1000505
苗栗縣,苗栗縣第5選舉區,蕭詠萱,13,8,無黨籍,1000505
苗栗縣,苗栗縣第5選舉區,陳永賢,12,8,無黨籍,1000505
苗栗縣,苗栗縣第5選舉區,黃桂坤,11,8,無黨籍,1000505
苗栗縣,苗栗縣第5選舉區,温俊勇,10,8,無黨籍,1000505
苗栗縣,苗栗縣第5選舉區,李貴富,9,8,民進黨,1000505
苗栗縣,苗栗縣第5選舉區,張淑芬,8,8,國民黨,1000505
苗栗縣,苗栗縣第5選舉區,林志學,7,8,台灣民眾黨,1000505
苗栗縣,苗栗縣第5選舉區,黃聲全,6,8,無黨籍,1000505
苗栗縣,苗栗縣第5選舉區,曾玟學,5,8,無黨籍,1000505
苗栗縣,苗栗縣第5選舉區,陳光軒,4,8,民進黨,1000505
苗栗縣,苗栗縣第5選舉區,曾宛菁,3,8,中華統一促進黨,1000505
苗栗縣,苗栗縣第5選舉區,吳翌立,2,8,時代力量,1000505
苗栗縣,苗栗縣第5選舉區,黎光明,1,8,無黨籍,1000505
苗栗縣,苗栗縣第6選舉區,陳春暖,4,2,民進黨,1000506
苗栗縣,苗栗縣第6選舉區,楊恭林,3,2,無黨籍,1000506
苗栗縣,苗栗縣第6選舉區,胡娘妹,2,2,無黨籍,1000506
苗栗縣,苗栗縣第6選舉區,盛瑛,1,2,無黨籍,1000506
苗栗縣,苗栗縣第7選舉區,楊文昌,2,1,無黨籍,1000507
苗栗縣,苗栗縣第7選舉區,朱仲一,1,1,無黨籍,1000507
苗栗縣,苗栗縣第8選舉區,黃月娥Yuma．Baysu,2,1,無黨籍,1000508
苗栗縣,苗栗縣第8選舉區,劉美蘭Iwan．sigi,1,1,國民黨,1000508
桃園市,桃園市第10選舉區,張肇良,5,3,民進黨,6800010
桃園市,桃園市第10選舉區,徐玉樹,4,3,國民黨,6800010
桃園市,桃園市第10選舉區,劉哲夫,3,3,無黨籍,6800010
桃園市,桃園市第10選舉區,林昭賢,2,3,國民黨,6800010
桃園市,桃園市第10選舉區,劉熒隆,1,3,國民黨,6800010
桃園市,桃園市第11選舉區,陳睿生,2,1,民進黨,6800011
桃園市,桃園市第11選舉區,邱文威,1,1,無黨籍,6800011
桃園市,桃園市第12選舉區,戴兆華,6,2,無黨籍,6800012
桃園市,桃園市第12選舉區,郭蔡美英,5,2,民進黨,6800012
桃園市,桃園市第12選舉區,吳進昌,4,2,國民黨,6800012
桃園市,桃園市第12選舉區,吳宗憲,3,2,民進黨,6800012
桃園市,桃園市第12選舉區,江承洲,2,2,無黨籍,6800012
桃園市,桃園市第12選舉區,許更生,1,2,無黨籍,6800012
桃園市,桃園市第13選舉區,陳姿伶Amuy．Muwakay,6,4,國民黨,6800013
桃園市,桃園市第13選舉區,蔡惠蘭,7,4,台灣維新,6800013
桃園市,桃園市第13選舉區,王仙蓮,5,4,國民黨,6800013
桃園市,桃園市第13選舉區,林春蘭,4,4,親民黨,6800013
桃園市,桃園市第13選舉區,張秀菊,3,4,無黨籍,6800013
桃園市,桃園市第13選舉區,楊進福,2,4,無黨籍,6800013
桃園市,桃園市第13選舉區,林志強,1,4,民進黨,6800013
桃園市,桃園市第14選舉區,陳瑛,7,3,國民黨,6800014
桃園市,桃園市第14選舉區,湯宏鈞,6,3,無黨籍,6800014
桃園市,桃園市第14選舉區,簡志偉,5,3,國民黨,6800014
桃園市,桃園市第14選舉區,邱志成,4,3,民進黨,6800014
桃園市,桃園市第14選舉區,蘇偉恩,3,3,無黨籍,6800014
桃園市,桃園市第14選舉區,周星文,2,3,無黨籍,6800014
桃園市,桃園市第14選舉區,歐蜜．偉浪,1,3,無黨籍,6800014
桃園市,桃園市第1選舉區,張碩芳,27,12,國民黨,6800001
桃園市,桃園市第1選舉區,黃瓊慧,26,12,民進黨,6800001
桃園市,桃園市第1選舉區,官正平,25,12,無黨籍,6800001
桃園市,桃園市第1選舉區,羅岳峰,24,12,無黨籍,6800001
桃園市,桃園市第1選舉區,張凱翔,23,12,無黨籍,6800001
桃園市,桃園市第1選舉區,李柏瑟,22,12,民進黨,6800001
桃園市,桃園市第1選舉區,李曉鐘,21,12,國民黨,6800001
桃園市,桃園市第1選舉區,陳品杰,20,12,無黨籍,6800001
桃園市,桃園市第1選舉區,黃家齊,19,12,民進黨,6800001
桃園市,桃園市第1選舉區,沈佩玲,18,12,小民參政歐巴桑聯盟,6800001
桃園市,桃園市第1選舉區,李光達,17,12,民進黨,6800001
桃園市,桃園市第1選舉區,陳美梅,16,12,國民黨,6800001
桃園市,桃園市第1選舉區,于北辰,15,12,無黨籍,6800001
桃園市,桃園市第1選舉區,余信憲,14,12,民進黨,6800001
桃園市,桃園市第1選舉區,呂儀恬,13,12,無黨籍,6800001
桃園市,桃園市第1選舉區,黃進仕,12,12,無黨籍,6800001
桃園市,桃園市第1選舉區,彭沛妤,11,12,無黨籍,6800001
桃園市,桃園市第1選舉區,朱智菁,10,12,民進黨,6800001
桃園市,桃園市第1選舉區,詹江村,9,12,國民黨,6800001
桃園市,桃園市第1選舉區,連俊男,8,12,無黨籍,6800001
桃園市,桃園市第1選舉區,林政賢,7,12,國民黨,6800001
桃園市,桃園市第1選舉區,凌濤,6,12,國民黨,6800001
桃園市,桃園市第1選舉區,黃婉如,5,12,國民黨,6800001
桃園市,桃園市第1選舉區,袁慧心,4,12,無黨籍,6800001
桃園市,桃園市第1選舉區,簡智翔,3,12,時代力量,6800001
桃園市,桃園市第1選舉區,黃成峻,2,12,台灣民眾黨,6800001
桃園市,桃園市第1選舉區,藍士博,1,12,台灣基進,6800001
桃園市,桃園市第2選舉區,陳泓維,9,4,無黨籍,6800002
桃園市,桃園市第2選舉區,林明義,8,4,國民黨,6800002
桃園市,桃園市第2選舉區,陳雅倫,7,4,民進黨,6800002
桃園市,桃園市第2選舉區,孫韻璇,6,4,國民黨,6800002
桃園市,桃園市第2選舉區,黃偉群,5,4,無黨籍,6800002
桃園市,桃園市第2選舉區,牛煦庭,4,4,無黨籍,6800002
桃園市,桃園市第2選舉區,李宗豪,3,4,民進黨,6800002
桃園市,桃園市第2選舉區,簡僑亨,2,4,台灣民眾黨,6800002
桃園市,桃園市第2選舉區,陳葦澤,1,4,時代力量,6800002
桃園市,桃園市第3選舉區,邱述文,11,5,無黨籍,6800003
桃園市,桃園市第3選舉區,趙宏勳,10,5,無黨籍,6800003
桃園市,桃園市第3選舉區,張碩芬,9,5,國民黨,6800003
桃園市,桃園市第3選舉區,蔡永芳,8,5,民進黨,6800003
桃園市,桃園市第3選舉區,朱珍瑤,7,5,國民黨,6800003
桃園市,桃園市第3選舉區,呂林小鳳,6,5,民進黨,6800003
桃園市,桃園市第3選舉區,段樹文,5,5,無黨籍,6800003
桃園市,桃園市第3選舉區,呂宇晟,4,5,時代力量,6800003
桃園市,桃園市第3選舉區,伍世文,3,5,無黨籍,6800003
桃園市,桃園市第3選舉區,楊朝偉,2,5,國民黨,6800003
桃園市,桃園市第3選舉區,許家睿,1,5,民進黨,6800003
桃園市,桃園市第4選舉區,劉勝全,10,4,民進黨,6800004
桃園市,桃園市第4選舉區,錢龍,9,4,國民黨,6800004
桃園市,桃園市第4選舉區,徐鈺雯,8,4,時代力量,6800004
桃園市,桃園市第4選舉區,林宥辰,7,4,無黨籍,6800004
桃園市,桃園市第4選舉區,許清順,6,4,民進黨,6800004
桃園市,桃園市第4選舉區,林志評,5,4,無黨籍,6800004
桃園市,桃園市第4選舉區,黃國晏,4,4,台灣民眾黨,6800004
桃園市,桃園市第4選舉區,張桂綿,3,4,國民黨,6800004
桃園市,桃園市第4選舉區,郭麗華,2,4,民進黨,6800004
桃園市,桃園市第4選舉區,余適霖,1,4,無黨籍,6800004
桃園市,桃園市第5選舉區,游吾和,3,2,民進黨,6800005
桃園市,桃園市第5選舉區,徐其萬,2,2,國民黨,6800005
桃園市,桃園市第5選舉區,林清松,1,2,無黨籍,6800005
桃園市,桃園市第6選舉區,徐慈檉,3,2,台灣民眾黨,6800006
桃園市,桃園市第6選舉區,李柏坊,2,2,國民黨,6800006
桃園市,桃園市第6選舉區,陳治文,1,2,民進黨,6800006
桃園市,桃園市第7選舉區,梁為超,23,11,國民黨,6800007
桃園市,桃園市第7選舉區,林昭印,22,11,台灣民眾黨,6800007
桃園市,桃園市第7選舉區,劉安祺,21,11,國民黨,6800007
桃園市,桃園市第7選舉區,毛嘉慶,20,11,無黨籍,6800007
桃園市,桃園市第7選舉區,游智彬,19,11,新黨,6800007
桃園市,桃園市第7選舉區,楊翊堂,18,11,無黨籍,6800007
桃園市,桃園市第7選舉區,魏筠,17,11,民進黨,6800007
桃園市,桃園市第7選舉區,簡維成,16,11,無黨籍,6800007
桃園市,桃園市第7選舉區,吳嘉和,15,11,國民黨,6800007
桃園市,桃園市第7選舉區,邱奕勝,14,11,國民黨,6800007
桃園市,桃園市第7選舉區,葉明月,13,11,國民黨,6800007
桃園市,桃園市第7選舉區,邱仁德,12,11,無黨籍,6800007
桃園市,桃園市第7選舉區,吳正吉,11,11,無黨籍,6800007
桃園市,桃園市第7選舉區,黃崇真,10,11,民進黨,6800007
桃園市,桃園市第7選舉區,張曉昀,9,11,民進黨,6800007
桃園市,桃園市第7選舉區,林佳瑋,8,11,時代力量,6800007
桃園市,桃園市第7選舉區,李荳芽,7,11,小民參政歐巴桑聯盟,6800007
桃園市,桃園市第7選舉區,黃柏儒,6,11,無黨籍,6800007
桃園市,桃園市第7選舉區,彭俊豪,5,11,民進黨,6800007
桃園市,桃園市第7選舉區,劉曾玉春,4,11,無黨籍,6800007
桃園市,桃園市第7選舉區,謝克洋,3,11,國民黨,6800007
桃園市,桃園市第7選舉區,謝美英,2,11,無黨籍,6800007
桃園市,桃園市第7選舉區,徐景文,1,11,民進黨,6800007
桃園市,桃園市第8選舉區,王珮毓,12,6,民進黨,6800008
桃園市,桃園市第8選舉區,陳羽凡,11,6,國民黨,6800008
桃園市,桃園市第8選舉區,陳韋曄,10,6,國民黨,6800008
桃園市,桃園市第8選舉區,劉仁照,9,6,民進黨,6800008
桃園市,桃園市第8選舉區,舒翠玲,8,6,國民黨,6800008
桃園市,桃園市第8選舉區,楊家俍,7,6,民進黨,6800008
桃園市,桃園市第8選舉區,曾姸潔,6,6,台灣民眾黨,6800008
桃園市,桃園市第8選舉區,黃永欽,5,6,綠黨,6800008
桃園市,桃園市第8選舉區,高宇彥,4,6,無黨籍,6800008
桃園市,桃園市第8選舉區,黃敬平,3,6,國民黨,6800008
桃園市,桃園市第8選舉區,朱哲成,2,6,時代力量,6800008
桃園市,桃園市第8選舉區,劉邦鉉,1,6,無黨籍,6800008
桃園市,桃園市第9選舉區,李家興,6,4,無黨籍,6800009
桃園市,桃園市第9選舉區,鄭淑方,5,4,民進黨,6800009
桃園市,桃園市第9選舉區,張清俊,4,4,台灣民眾黨,6800009
桃園市,桃園市第9選舉區,涂權吉,3,4,國民黨,6800009
桃園市,桃園市第9選舉區,周玉琴,2,4,國民黨,6800009
桃園市,桃園市第9選舉區,蕭立妍,1,4,民進黨,6800009
高雄市,高雄市第10選舉區,蔡媽福,17,8,無黨籍,6400010
高雄市,高雄市第10選舉區,李順進,16,8,無黨團結聯盟,6400010
高雄市,高雄市第10選舉區,陳識明,15,8,國民黨,6400010
高雄市,高雄市第10選舉區,陳麗娜,14,8,國民黨,6400010
高雄市,高雄市第10選舉區,湯茹婷,13,8,時代力量,6400010
高雄市,高雄市第10選舉區,蔡武宏,12,8,國民黨,6400010
高雄市,高雄市第10選舉區,吳銘賜,11,8,台灣團結聯盟,6400010
高雄市,高雄市第10選舉區,黃彥毓,10,8,民進黨,6400010
高雄市,高雄市第10選舉區,黃敬雅,9,8,台灣基進,6400010
高雄市,高雄市第10選舉區,于仙玲,8,8,小民參政歐巴桑聯盟,6400010
高雄市,高雄市第10選舉區,曾麗燕,7,8,國民黨,6400010
高雄市,高雄市第10選舉區,余宗熹,6,8,無黨籍,6400010
高雄市,高雄市第10選舉區,陳致中,5,8,民進黨,6400010
高雄市,高雄市第10選舉區,黃雍琇,4,8,民進黨,6400010
高雄市,高雄市第10選舉區,鄭光峰,3,8,民進黨,6400010
高雄市,高雄市第10選舉區,朱挺玗,2,8,無黨籍,6400010
高雄市,高雄市第10選舉區,顏坤泉,1,8,左翼聯盟,6400010
高雄市,高雄市第11選舉區,韓賜村,10,4,民進黨,6400011
高雄市,高雄市第11選舉區,李建輝,9,4,無黨籍,6400011
高雄市,高雄市第11選舉區,黃天煌,8,4,國民黨,6400011
高雄市,高雄市第11選舉區,王耀裕,7,4,國民黨,6400011
高雄市,高雄市第11選舉區,楊佩樺,6,4,台灣基進,6400011
高雄市,高雄市第11選舉區,蔡永晶,5,4,無黨籍,6400011
高雄市,高雄市第11選舉區,邱于軒,4,4,國民黨,6400011
高雄市,高雄市第11選舉區,洪村銘,3,4,民進黨,6400011
高雄市,高雄市第11選舉區,李雨庭,2,4,民進黨,6400011
高雄市,高雄市第11選舉區,張雨柔,1,4,時代力量,6400011
高雄市,高雄市第12選舉區,余葆祈FotolKila,3,1,無黨籍,6400012
高雄市,高雄市第12選舉區,巫振興,2,1,民進黨,6400012
高雄市,高雄市第12選舉區,王義雄,1,1,國民黨,6400012
高雄市,高雄市第13選舉區,陳幸富,2,1,無黨籍,6400013
高雄市,高雄市第13選舉區,葛姵瑩,1,1,無黨籍,6400013
高雄市,高雄市第14選舉區,高忠德Takiludun．Anu,1,1,無黨籍,6400014
高雄市,高雄市第14選舉區,林錫閔,3,1,無黨籍,6400014
高雄市,高雄市第14選舉區,賴文德,2,1,無黨籍,6400014
高雄市,高雄市第15選舉區,范織欽Pasulang．Tomatalate,1,1,無黨籍,6400015
高雄市,高雄市第15選舉區,林榮昊,2,1,國民黨,6400015
高雄市,高雄市第1選舉區,林富寶,4,3,民進黨,6400001
高雄市,高雄市第1選舉區,林慧欣,3,3,民進黨,6400001
高雄市,高雄市第1選舉區,林義迪,2,3,國民黨,6400001
高雄市,高雄市第1選舉區,朱信強,1,3,無黨團結聯盟,6400001
高雄市,高雄市第2選舉區,黃明太,5,3,民進黨,6400002
高雄市,高雄市第2選舉區,李柏融,4,3,無黨籍,6400002
高雄市,高雄市第2選舉區,鄭東元,3,3,國民黨,6400002
高雄市,高雄市第2選舉區,陳明澤,2,3,民進黨,6400002
高雄市,高雄市第2選舉區,李亞築,1,3,國民黨,6400002
高雄市,高雄市第3選舉區,陳慶鴻,8,5,民進黨,6400003
高雄市,高雄市第3選舉區,陸淑美,7,5,國民黨,6400003
高雄市,高雄市第3選舉區,黃秋媖,6,5,民進黨,6400003
高雄市,高雄市第3選舉區,黃思學,5,5,時代力量,6400003
高雄市,高雄市第3選舉區,宋立彬,4,5,國民黨,6400003
高雄市,高雄市第3選舉區,林志誠,3,5,民進黨,6400003
高雄市,高雄市第3選舉區,劉航遠,2,5,台灣基進,6400003
高雄市,高雄市第3選舉區,方信淵,1,5,國民黨,6400003
高雄市,高雄市第4選舉區,蘇柏銓,20,9,無黨籍,6400004
高雄市,高雄市第4選舉區,陳玫娟,19,9,國民黨,6400004
高雄市,高雄市第4選舉區,陳子瑜,18,9,台灣基進,6400004
高雄市,高雄市第4選舉區,黃偵琳,17,9,民進黨,6400004
高雄市,高雄市第4選舉區,黃文志,16,9,民進黨,6400004
高雄市,高雄市第4選舉區,莊貽量,15,9,台灣民眾黨,6400004
高雄市,高雄市第4選舉區,柳淑芳,14,9,無黨籍,6400004
高雄市,高雄市第4選舉區,陳麗珍,13,9,國民黨,6400004
高雄市,高雄市第4選舉區,鄭侑青,12,9,時代力量,6400004
高雄市,高雄市第4選舉區,蘇博廷,11,9,無黨籍,6400004
高雄市,高雄市第4選舉區,李雅芬,10,9,國民黨,6400004
高雄市,高雄市第4選舉區,李雅慧,9,9,民進黨,6400004
高雄市,高雄市第4選舉區,謝天助,8,9,無黨籍,6400004
高雄市,高雄市第4選舉區,劉宥廷,7,9,無黨籍,6400004
高雄市,高雄市第4選舉區,李眉蓁,6,9,國民黨,6400004
高雄市,高雄市第4選舉區,吳佩蓉,5,9,無黨籍,6400004
高雄市,高雄市第4選舉區,陳善慧,4,9,無黨籍,6400004
高雄市,高雄市第4選舉區,白喬茵,3,9,國民黨,6400004
高雄市,高雄市第4選舉區,李柏毅,2,9,民進黨,6400004
高雄市,高雄市第4選舉區,劉文晏,1,9,無黨籍,6400004
高雄市,高雄市第5選舉區,陳惠君,13,5,台灣民眾黨,6400005
高雄市,高雄市第5選舉區,吳彥輝,12,5,無黨籍,6400005
高雄市,高雄市第5選舉區,張婷婷,11,5,台灣基進,6400005
高雄市,高雄市第5選舉區,邱俊憲,10,5,民進黨,6400005
高雄市,高雄市第5選舉區,王齡嬌,9,5,無黨籍,6400005
高雄市,高雄市第5選舉區,陳清茂,8,5,無黨籍,6400005
高雄市,高雄市第5選舉區,張勝富,7,5,民進黨,6400005
高雄市,高雄市第5選舉區,江瑞鴻,6,5,民進黨,6400005
高雄市,高雄市第5選舉區,劉佳達,5,5,無黨籍,6400005
高雄市,高雄市第5選舉區,張惟晴,4,5,國民黨,6400005
高雄市,高雄市第5選舉區,謝誌峰,3,5,無黨籍,6400005
高雄市,高雄市第5選舉區,吳利成,2,5,國民黨,6400005
高雄市,高雄市第5選舉區,黃飛鳳,1,5,民進黨,6400005
高雄市,高雄市第6選舉區,劉家榮,5,4,台灣民眾黨,6400006
高雄市,高雄市第6選舉區,李喬如,4,4,民進黨,6400006
高雄市,高雄市第6選舉區,簡煥宗,3,4,民進黨,6400006
高雄市,高雄市第6選舉區,陳美雅,2,4,國民黨,6400006
高雄市,高雄市第6選舉區,蔡金晏,1,4,國民黨,6400006
高雄市,高雄市第7選舉區,黃香菽,13,7,國民黨,6400007
高雄市,高雄市第7選舉區,黃柏霖,12,7,國民黨,6400007
高雄市,高雄市第7選舉區,康裕成,11,7,民進黨,6400007
高雄市,高雄市第7選舉區,童燕珍,10,7,國民黨,6400007
高雄市,高雄市第7選舉區,林武忠,9,7,民進黨,6400007
高雄市,高雄市第7選舉區,鄭孟洳,8,7,民進黨,6400007
高雄市,高雄市第7選舉區,曾俊傑,7,7,國民黨,6400007
高雄市,高雄市第7選舉區,張博洋,6,7,台灣基進,6400007
高雄市,高雄市第7選舉區,林于凱,5,7,時代力量,6400007
高雄市,高雄市第7選舉區,王文心,4,7,無黨籍,6400007
高雄市,高雄市第7選舉區,何權峰,3,7,民進黨,6400007
高雄市,高雄市第7選舉區,陳建良,2,7,無黨籍,6400007
高雄市,高雄市第7選舉區,李佳玲,1,7,台灣民眾黨,6400007
高雄市,高雄市第8選舉區,黃文益,8,5,民進黨,6400008
高雄市,高雄市第8選舉區,黃紹庭,7,5,國民黨,6400008
高雄市,高雄市第8選舉區,吳益政,6,5,無黨籍,6400008
高雄市,高雄市第8選舉區,湯詠瑜,5,5,民進黨,6400008
高雄市,高雄市第8選舉區,劉景裕,4,5,無黨籍,6400008
高雄市,高雄市第8選舉區,許釆蓁,3,5,國民黨,6400008
高雄市,高雄市第8選舉區,陳若翠,2,5,國民黨,6400008
高雄市,高雄市第8選舉區,郭建盟,1,5,民進黨,6400008
高雄市,高雄市第9選舉區,張漢忠,15,8,民進黨,6400009
高雄市,高雄市第9選舉區,徐尚賢,14,8,無黨籍,6400009
高雄市,高雄市第9選舉區,顧崇德,13,8,時代力量,6400009
高雄市,高雄市第9選舉區,林智鴻,12,8,民進黨,6400009
高雄市,高雄市第9選舉區,蘇致榮,11,8,民進黨,6400009
高雄市,高雄市第9選舉區,廖國誌,10,8,無黨籍,6400009
高雄市,高雄市第9選舉區,陳慧文,9,8,民進黨,6400009
高雄市,高雄市第9選舉區,黃捷,8,8,無黨籍,6400009
高雄市,高雄市第9選舉區,鄭安秝,7,8,國民黨,6400009
高雄市,高雄市第9選舉區,劉德林,6,8,國民黨,6400009
高雄市,高雄市第9選舉區,陳妙真,5,8,台灣民眾黨,6400009
高雄市,高雄市第9選舉區,鍾易仲,4,8,國民黨,6400009
高雄市,高雄市第9選舉區,李雅靜,3,8,國民黨,6400009
高雄市,高雄市第9選舉區,羅章譽,2,8,無黨籍,6400009
高雄市,高雄市第9選舉區,李雨蓁,1,8,台灣基進,6400009
基隆市,基隆市第1選舉區,張顥瀚,6,4,民進黨,1001701
基隆市,基隆市第1選舉區,許睿慈,5,4,民進黨,1001701
基隆市,基隆市第1選舉區,藍敏煌,4,4,國民黨,1001701
基隆市,基隆市第1選舉區,林毓峯,3,4,台灣民眾黨,1001701
基隆市,基隆市第1選舉區,呂美玲,2,4,國民黨,1001701
基隆市,基隆市第1選舉區,張淵翔,1,4,國民黨,1001701
基隆市,基隆市第2選舉區,何淑萍,7,4,國民黨,1001702
基隆市,基隆市第2選舉區,陳宜,6,4,民進黨,1001702
基隆市,基隆市第2選舉區,韓世昱,5,4,國民黨,1001702
基隆市,基隆市第2選舉區,紀珈,4,4,台灣民眾黨,1001702
基隆市,基隆市第2選舉區,李嘉濠,3,4,無黨籍,1001702
基隆市,基隆市第2選舉區,江鑒育,2,4,國民黨,1001702
基隆市,基隆市第2選舉區,陳軍佐,1,4,民進黨,1001702
基隆市,基隆市第3選舉區,張芳麗,7,4,國民黨,1001703
基隆市,基隆市第3選舉區,李依芩,6,4,台灣民眾黨,1001703
基隆市,基隆市第3選舉區,莊榮欽,5,4,國民黨,1001703
基隆市,基隆市第3選舉區,紀文荃,4,4,國民黨,1001703
基隆市,基隆市第3選舉區,鄭文婷,3,4,民進黨,1001703
基隆市,基隆市第3選舉區,童子瑋,2,4,民進黨,1001703
基隆市,基隆市第3選舉區,曾紀嚴,1,4,國民黨,1001703
基隆市,基隆市第4選舉區,莊敬聖,8,4,國民黨,1001704
基隆市,基隆市第4選舉區,梁堂華,7,4,無黨籍,1001704
基隆市,基隆市第4選舉區,施偉政,6,4,民進黨,1001704
基隆市,基隆市第4選舉區,張哲源,5,4,無黨籍,1001704
基隆市,基隆市第4選舉區,郭美秀,4,4,親民黨,1001704
基隆市,基隆市第4選舉區,徐佑昇,3,4,台灣民眾黨,1001704
基隆市,基隆市第4選舉區,張秉鈞,2,4,民進黨,1001704
基隆市,基隆市第4選舉區,宋瑋莉,1,4,國民黨,1001704
基隆市,基隆市第5選舉區,黃永翔,15,7,無黨籍,1001705
基隆市,基隆市第5選舉區,劉韋巡,14,7,台灣民眾黨,1001705
基隆市,基隆市第5選舉區,張銘傑,13,7,無黨籍,1001705
基隆市,基隆市第5選舉區,黃紀棠,12,7,無黨籍,1001705
基隆市,基隆市第5選舉區,鄭愷玲,11,7,國民黨,1001705
基隆市,基隆市第5選舉區,李偉華,10,7,無黨籍,1001705
基隆市,基隆市第5選舉區,張之豪,9,7,民進黨,1001705
基隆市,基隆市第5選舉區,吳驊珈,8,7,民進黨,1001705
基隆市,基隆市第5選舉區,許超勝,7,7,無黨籍,1001705
基隆市,基隆市第5選舉區,俞叁發,6,7,國民黨,1001705
基隆市,基隆市第5選舉區,林沛祥,5,7,國民黨,1001705
基隆市,基隆市第5選舉區,莊錦田,4,7,親民黨,1001705
基隆市,基隆市第5選舉區,秦鉦,3,7,國民黨,1001705
基隆市,基隆市第5選舉區,江欣怡,2,7,時代力量,1001705
基隆市,基隆市第5選舉區,洪森永,1,7,民進黨,1001705
基隆市,基隆市第6選舉區,林旻勳,4,3,無黨籍,1001706
基隆市,基隆市第6選舉區,連恩典,3,3,國民黨,1001706
基隆市,基隆市第6選舉區,陳冠羽,2,3,無黨籍,1001706
基隆市,基隆市第6選舉區,莫璦緁,1,3,無黨籍,1001706
基隆市,基隆市第7選舉區,林坤明,6,4,民進黨,1001707
基隆市,基隆市第7選舉區,張耿輝,5,4,無黨籍,1001707
基隆市,基隆市第7選舉區,蔡旺璉,4,4,國民黨,1001707
基隆市,基隆市第7選舉區,曾怡芳,3,4,民進黨,1001707
基隆市,基隆市第7選舉區,陳愷閎,2,4,時代力量,1001707
基隆市,基隆市第7選舉區,楊秀玉,1,4,親民黨,1001707
基隆市,基隆市第8選舉區,拔耐．茹妮老王,1,1,無黨籍,1001708
基隆市,基隆市第8選舉區,陳明建,3,1,無黨籍,1001708
基隆市,基隆市第8選舉區,王尚潔,2,1,國民黨,1001708
連江縣,連江縣第1選舉區,楊清宇,8,5,國民黨,0900701
連江縣,連江縣第1選舉區,林明揚,7,5,國民黨,0900701
連江縣,連江縣第1選舉區,林惠萍,6,5,無黨籍,0900701
連江縣,連江縣第1選舉區,曹以標,5,5,無黨籍,0900701
連江縣,連江縣第1選舉區,陳書建,4,5,國民黨,0900701
連江縣,連江縣第1選舉區,劉浩晨,3,5,民進黨,0900701
連江縣,連江縣第1選舉區,曹丞君,2,5,國民黨,0900701
連江縣,連江縣第1選舉區,曹爾章,1,5,無黨籍,0900701
連江縣,連江縣第2選舉區,陳玉發,3,2,國民黨,0900702
連江縣,連江縣第2選舉區,陳如嵐,2,2,國民黨,0900702
連江縣,連江縣第2選舉區,周瑞國,1,2,國民黨,0900702
連江縣,連江縣第3選舉區,陳貽斌,2,1,國民黨,0900703
連江縣,連江縣第3選舉區,陳善澔,1,1,無黨籍,0900703
連江縣,連江縣第4選舉區,張永江,2,1,國民黨,0900704
連江縣,連江縣第4選舉區,馮印才,1,1,無黨籍,0900704
雲林縣,雲林縣第1選舉區,曾博鴻,18,10,民進黨,1000901
雲林縣,雲林縣第1選舉區,鍾明馨,17,10,無黨籍,1000901
雲林縣,雲林縣第1選舉區,呂宜臻,16,10,無黨籍,1000901
雲林縣,雲林縣第1選舉區,黃英學,15,10,無黨籍,1000901
雲林縣,雲林縣第1選舉區,黃勝志,14,10,國民黨,1000901
雲林縣,雲林縣第1選舉區,陳芳盈,13,10,無黨籍,1000901
雲林縣,雲林縣第1選舉區,張維崢,12,10,民進黨,1000901
雲林縣,雲林縣第1選舉區,鄭自勤,11,10,無黨籍,1000901
雲林縣,雲林縣第1選舉區,賴淑娞,10,10,國民黨,1000901
雲林縣,雲林縣第1選舉區,廖郁賢,9,10,無黨籍,1000901
雲林縣,雲林縣第1選舉區,周秀月,8,10,民進黨,1000901
雲林縣,雲林縣第1選舉區,林岳璋,7,10,無黨籍,1000901
雲林縣,雲林縣第1選舉區,張光儀,6,10,無黨籍,1000901
雲林縣,雲林縣第1選舉區,林聖智,5,10,無黨籍,1000901
雲林縣,雲林縣第1選舉區,江文登,4,10,民進黨,1000901
雲林縣,雲林縣第1選舉區,林靖冠,3,10,台灣民眾黨,1000901
雲林縣,雲林縣第1選舉區,陳永修,2,10,國民黨,1000901
雲林縣,雲林縣第1選舉區,王又民,1,10,國民黨,1000901
雲林縣,雲林縣第2選舉區,吳滄得,12,6,民進黨,1000902
雲林縣,雲林縣第2選舉區,賴明源,11,6,無黨籍,1000902
雲林縣,雲林縣第2選舉區,王秋足,10,6,國民黨,1000902
雲林縣,雲林縣第2選舉區,簡慈坊,9,6,無黨籍,1000902
雲林縣,雲林縣第2選舉區,沈銘恭,8,6,無黨籍,1000902
雲林縣,雲林縣第2選舉區,陳志榮,7,6,無黨籍,1000902
雲林縣,雲林縣第2選舉區,蔡東富,6,6,無黨籍,1000902
雲林縣,雲林縣第2選舉區,吳錦凉,5,6,無黨籍,1000902
雲林縣,雲林縣第2選舉區,張庭綺,4,6,民進黨,1000902
雲林縣,雲林縣第2選舉區,陳世彬,3,6,無黨籍,1000902
雲林縣,雲林縣第2選舉區,顏忠義,2,6,無黨籍,1000902
雲林縣,雲林縣第2選舉區,彭新銘,1,6,無黨籍,1000902
雲林縣,雲林縣第3選舉區,林明進,14,9,無黨籍,1000903
雲林縣,雲林縣第3選舉區,林武正,13,9,民進黨,1000903
雲林縣,雲林縣第3選舉區,陳俊龍,12,9,無黨籍,1000903
雲林縣,雲林縣第3選舉區,黃凱,11,9,無黨籍,1000903
雲林縣,雲林縣第3選舉區,張維心,10,9,無黨籍,1000903
雲林縣,雲林縣第3選舉區,魏順興,9,9,無黨籍,1000903
雲林縣,雲林縣第3選舉區,李政峯,8,9,民進黨,1000903
雲林縣,雲林縣第3選舉區,黃美瑤,7,9,無黨籍,1000903
雲林縣,雲林縣第3選舉區,沈宗隆,6,9,國民黨,1000903
雲林縣,雲林縣第3選舉區,蔡明水,5,9,無黨籍,1000903
雲林縣,雲林縣第3選舉區,林文彬,4,9,民進黨,1000903
雲林縣,雲林縣第3選舉區,蔡秋敏,3,9,民進黨,1000903
雲林縣,雲林縣第3選舉區,王鈺齊,2,9,台灣團結聯盟,1000903
雲林縣,雲林縣第3選舉區,陳乙辰,1,9,台灣民眾黨,1000903
雲林縣,雲林縣第4選舉區,李明哲,7,6,國民黨,1000904
雲林縣,雲林縣第4選舉區,廖偉晴,6,6,國民黨,1000904
雲林縣,雲林縣第4選舉區,梁銘忠,5,6,無黨籍,1000904
雲林縣,雲林縣第4選舉區,洪如萍,4,6,民進黨,1000904
雲林縣,雲林縣第4選舉區,游淑雲,3,6,無黨籍,1000904
雲林縣,雲林縣第4選舉區,鄭玲惠,2,6,民進黨,1000904
雲林縣,雲林縣第4選舉區,楊國寬,1,6,無黨籍,1000904
雲林縣,雲林縣第5選舉區,蘇國瓏,11,7,無黨籍,1000905
雲林縣,雲林縣第5選舉區,許留賓,10,7,無黨籍,1000905
雲林縣,雲林縣第5選舉區,蘇俊豪,9,7,無黨籍,1000905
雲林縣,雲林縣第5選舉區,王英文,8,7,無黨籍,1000905
雲林縣,雲林縣第5選舉區,林深,7,7,國民黨,1000905
雲林縣,雲林縣第5選舉區,丁慶錡,6,7,台灣君民黨,1000905
雲林縣,雲林縣第5選舉區,吳蕙蘭,5,7,無黨籍,1000905
雲林縣,雲林縣第5選舉區,顏嘉葦,4,7,民進黨,1000905
雲林縣,雲林縣第5選舉區,蔡永富,3,7,民進黨,1000905
雲林縣,雲林縣第5選舉區,張揚科,2,7,無黨籍,1000905
雲林縣,雲林縣第5選舉區,陳清圳,1,7,無黨籍,1000905
雲林縣,雲林縣第6選舉區,蔡岳儒,7,5,民進黨,1000906
雲林縣,雲林縣第6選舉區,蔡孟真,6,5,民進黨,1000906
雲林縣,雲林縣第6選舉區,黃文祥,5,5,無黨籍,1000906
雲林縣,雲林縣第6選舉區,蔡咏鍀,4,5,無黨籍,1000906
雲林縣,雲林縣第6選舉區,蕭慧敏,3,5,無黨籍,1000906
雲林縣,雲林縣第6選舉區,林哲凌,2,5,無黨籍,1000906
雲林縣,雲林縣第6選舉區,王新堯,1,5,台灣民眾黨,1000906
新北市,新北市第10選舉區,林裔綺,2,1,民進黨,6500010
新北市,新北市第10選舉區,蕭敬嚴,1,1,國民黨,6500010
新北市,新北市第11選舉區,張錦豪,6,4,民進黨,6500011
新北市,新北市第11選舉區,黃瑞傳,5,4,無黨籍,6500011
新北市,新北市第11選舉區,白珮茹,4,4,國民黨,6500011
新北市,新北市第11選舉區,廖先翔,3,4,國民黨,6500011
新北市,新北市第11選舉區,周雅玲,2,4,民進黨,6500011
新北市,新北市第11選舉區,彭立信,1,4,台灣民眾黨,6500011
新北市,新北市第12選舉區,達佶祐．卡造Takiyo．Kacaw,1,3,台灣民眾黨,6500012
新北市,新北市第12選舉區,吳國譽La．Is．Amid,2,3,國民黨,6500012
新北市,新北市第12選舉區,藞妏．尼卡兒,4,3,無黨籍,6500012
新北市,新北市第12選舉區,蘇錦雄Paylang．Caya,6,3,民進黨,6500012
新北市,新北市第12選舉區,宋雨蓁Nikar．Falong,3,3,無黨籍,6500012
新北市,新北市第12選舉區,林霈宸,8,3,新黨,6500012
新北市,新北市第12選舉區,楊曉君,7,3,無黨籍,6500012
新北市,新北市第12選舉區,楊春妹,5,3,國民黨,6500012
新北市,新北市第13選舉區,馬見Lahuy．Ipin,2,1,無黨團結聯盟,6500013
新北市,新北市第13選舉區,何應明,4,1,國民黨,6500013
新北市,新北市第13選舉區,林家豪,3,1,台灣民眾黨,6500013
新北市,新北市第13選舉區,楊萬金,1,1,無黨籍,6500013
新北市,新北市第1選舉區,蔡錦賢,6,4,無黨團結聯盟,6500001
新北市,新北市第1選舉區,陳家琪,5,4,國民黨,6500001
新北市,新北市第1選舉區,陳靜儀,4,4,台灣民眾黨,6500001
新北市,新北市第1選舉區,彭莉惠,3,4,民進黨,6500001
新北市,新北市第1選舉區,陳偉杰,2,4,國民黨,6500001
新北市,新北市第1選舉區,鄭宇恩,1,4,民進黨,6500001
新北市,新北市第2選舉區,黃琦翔,8,4,台灣民眾黨,6500002
新北市,新北市第2選舉區,賴秋媚,7,4,民進黨,6500002
新北市,新北市第2選舉區,宋明宗,6,4,國民黨,6500002
新北市,新北市第2選舉區,陳明義,5,4,國民黨,6500002
新北市,新北市第2選舉區,董俊宏,4,4,台灣基進,6500002
新北市,新北市第2選舉區,蔡淑君,3,4,國民黨,6500002
新北市,新北市第2選舉區,郭原佑,2,4,無黨籍,6500002
新北市,新北市第2選舉區,李宇翔,1,4,民進黨,6500002
新北市,新北市第3選舉區,戴湘儀,18,7,國民黨,6500003
新北市,新北市第3選舉區,陳聰吉,17,7,無黨籍,6500003
新北市,新北市第3選舉區,吳香君,16,7,時代力量,6500003
新北市,新北市第3選舉區,鍾宏仁,15,7,民進黨,6500003
新北市,新北市第3選舉區,翁震州,14,7,民進黨,6500003
新北市,新北市第3選舉區,陳科名,13,7,無黨籍,6500003
新北市,新北市第3選舉區,蔣根煌,12,7,國民黨,6500003
新北市,新北市第3選舉區,何語蓉,11,7,小民參政歐巴桑聯盟,6500003
新北市,新北市第3選舉區,林秉宥,10,7,民進黨,6500003
新北市,新北市第3選舉區,蔡健棠,9,7,國民黨,6500003
新北市,新北市第3選舉區,陳世軒,8,7,台灣民眾黨,6500003
新北市,新北市第3選舉區,郭岱軒,7,7,無黨籍,6500003
新北市,新北市第3選舉區,許明偉,6,7,無黨籍,6500003
新北市,新北市第3選舉區,邱吉均,4,7,無黨籍,6500003
新北市,新北市第3選舉區,陳炫銘,3,7,無黨籍,6500003
新北市,新北市第3選舉區,黃聖超,2,7,國民黨,6500003
新北市,新北市第3選舉區,張志宏,1,7,無黨籍,6500003
新北市,新北市第4選舉區,董俊良,15,9,新黨,6500004
新北市,新北市第4選舉區,王景弘,14,9,時代力量,6500004
新北市,新北市第4選舉區,吳訓孝,13,9,國民黨,6500004
新北市,新北市第4選舉區,顏蔚慈,12,9,民進黨,6500004
新北市,新北市第4選舉區,林鼎超,11,9,國民黨,6500004
新北市,新北市第4選舉區,李翁月娥,10,9,無黨籍,6500004
新北市,新北市第4選舉區,李倩萍,9,9,民進黨,6500004
新北市,新北市第4選舉區,彭佳芸,8,9,民進黨,6500004
新北市,新北市第4選舉區,邱婷蔚,7,9,民進黨,6500004
新北市,新北市第4選舉區,黃桂蘭,6,9,國民黨,6500004
新北市,新北市第4選舉區,陳宛毓,5,9,小民參政歐巴桑聯盟,6500004
新北市,新北市第4選舉區,李余典,4,9,民進黨,6500004
新北市,新北市第4選舉區,陳俊霖,3,9,台灣民眾黨,6500004
新北市,新北市第4選舉區,王威元,2,9,國民黨,6500004
新北市,新北市第4選舉區,陳啟能,1,9,民進黨,6500004
新北市,新北市第5選舉區,石一佑,21,9,民進黨,6500005
新北市,新北市第5選舉區,廖裕德,20,9,無黨團結聯盟,6500005
新北市,新北市第5選舉區,張家維,19,9,無黨籍,6500005
新北市,新北市第5選舉區,黃淑君,18,9,民進黨,6500005
新北市,新北市第5選舉區,阮橋本,17,9,無黨籍,6500005
新北市,新北市第5選舉區,黃俊哲,16,9,民進黨,6500005
新北市,新北市第5選舉區,山田摩衣,15,9,民進黨,6500005
新北市,新北市第5選舉區,葉元之,14,9,國民黨,6500005
新北市,新北市第5選舉區,陳玉鳳,13,9,中國和平統一黨,6500005
新北市,新北市第5選舉區,郭柏成,12,9,無黨籍,6500005
新北市,新北市第5選舉區,李婉鈺,11,9,無黨籍,6500005
新北市,新北市第5選舉區,張淑惠,10,9,小民參政歐巴桑聯盟,6500005
新北市,新北市第5選舉區,顏維勲,9,9,無黨籍,6500005
新北市,新北市第5選舉區,周勝考,8,9,國民黨,6500005
新北市,新北市第5選舉區,彭盛韶,7,9,時代力量,6500005
新北市,新北市第5選舉區,戴瑋姍,6,9,民進黨,6500005
新北市,新北市第5選舉區,王淑慧,5,9,無黨籍,6500005
新北市,新北市第5選舉區,吳達偉,4,9,台灣民眾黨,6500005
新北市,新北市第5選舉區,曾煥嘉,3,9,國民黨,6500005
新北市,新北市第5選舉區,劉美芳,2,9,國民黨,6500005
新北市,新北市第5選舉區,林國春,1,9,國民黨,6500005
新北市,新北市第6選舉區,王如意,11,6,台灣民眾黨,6500006
新北市,新北市第6選舉區,張志豪,10,6,民進黨,6500006
新北市,新北市第6選舉區,張嘉玲,9,6,民進黨,6500006
新北市,新北市第6選舉區,張維倩,8,6,民進黨,6500006
新北市,新北市第6選舉區,陳錦錠,7,6,國民黨,6500006
新北市,新北市第6選舉區,游輝宂,6,6,國民黨,6500006
新北市,新北市第6選舉區,李正皓,5,6,無黨籍,6500006
新北市,新北市第6選舉區,金瑞龍,4,6,國民黨,6500006
新北市,新北市第6選舉區,邱烽堯,3,6,國民黨,6500006
新北市,新北市第6選舉區,陳逸展,2,6,無黨籍,6500006
新北市,新北市第6選舉區,蔡明璋,1,6,新黨,6500006
新北市,新北市第7選舉區,許昭興,5,3,民進黨,6500007
新北市,新北市第7選舉區,羅文崇,4,3,民進黨,6500007
新北市,新北市第7選舉區,蕭蒼澤,3,3,台灣維新,6500007
新北市,新北市第7選舉區,連斐璠,2,3,國民黨,6500007
新北市,新北市第7選舉區,陳鴻源,1,3,國民黨,6500007
新北市,新北市第8選舉區,卓冠廷,17,10,民進黨,6500008
新北市,新北市第8選舉區,簡元泰,16,10,無黨籍,6500008
新北市,新北市第8選舉區,林銘仁,15,10,民進黨,6500008
新北市,新北市第8選舉區,林金結,14,10,國民黨,6500008
新北市,新北市第8選舉區,陳世榮,13,10,無黨籍,6500008
新北市,新北市第8選舉區,呂家愷,12,10,國民黨,6500008
新北市,新北市第8選舉區,廖宜琨,11,10,民進黨,6500008
新北市,新北市第8選舉區,高乃芸,10,10,民進黨,6500008
新北市,新北市第8選舉區,歐金獅,9,10,無黨籍,6500008
新北市,新北市第8選舉區,曾進益,8,10,民進黨,6500008
新北市,新北市第8選舉區,蘇泓欽,7,10,無黨籍,6500008
新北市,新北市第8選舉區,洪佳君,6,10,國民黨,6500008
新北市,新北市第8選舉區,張昭隆,5,10,台灣民眾黨,6500008
新北市,新北市第8選舉區,王正,4,10,勞動黨,6500008
新北市,新北市第8選舉區,黃永昌,3,10,國民黨,6500008
新北市,新北市第8選舉區,江怡臻,2,10,國民黨,6500008
新北市,新北市第8選舉區,彭一書,1,10,民進黨,6500008
新北市,新北市第9選舉區,劉哲彰,6,5,國民黨,6500009
新北市,新北市第9選舉區,黃心華,5,5,國民黨,6500009
新北市,新北市第9選舉區,陳永福,4,5,民進黨,6500009
新北市,新北市第9選舉區,張凱鈞,3,5,台灣民眾黨,6500009
新北市,新北市第9選舉區,陳儀君,2,5,國民黨,6500009
新北市,新北市第9選舉區,陳乃瑜,1,5,民進黨,6500009
新竹市,新竹市第1選舉區,劉彥伶,25,12,民進黨,1001801
新竹市,新竹市第1選舉區,黃家曄,24,12,無黨籍,1001801
新竹市,新竹市第1選舉區,鄭美娟,23,12,民進黨,1001801
新竹市,新竹市第1選舉區,曾資程,22,12,民進黨,1001801
新竹市,新竹市第1選舉區,蔡惠婷,21,12,時代力量,1001801
新竹市,新竹市第1選舉區,王銘宗,20,12,無黨籍,1001801
新竹市,新竹市第1選舉區,黃文政,19,12,國民黨,1001801
新竹市,新竹市第1選舉區,黃耀正,18,12,無黨籍,1001801
新竹市,新竹市第1選舉區,戴朝琴,17,12,無黨籍,1001801
新竹市,新竹市第1選舉區,劉明鴻,16,12,無黨籍,1001801
新竹市,新竹市第1選舉區,張文興,15,12,國民黨,1001801
新竹市,新竹市第1選舉區,鍾淑英,14,12,國民黨,1001801
新竹市,新竹市第1選舉區,謝佩妤,13,12,無黨籍,1001801
新竹市,新竹市第1選舉區,林志雅,12,12,無黨籍,1001801
新竹市,新竹市第1選舉區,何志勇,11,12,國民黨,1001801
新竹市,新竹市第1選舉區,張祖琰,10,12,國民黨,1001801
新竹市,新竹市第1選舉區,宋品瑩,9,12,台灣民眾黨,1001801
新竹市,新竹市第1選舉區,段孝芳,8,12,國民黨,1001801
新竹市,新竹市第1選舉區,劉崇顯,7,12,綠黨,1001801
新竹市,新竹市第1選舉區,周莉柔,6,12,無黨籍,1001801
新竹市,新竹市第1選舉區,余邦彥,5,12,無黨籍,1001801
新竹市,新竹市第1選舉區,陳珍裕,4,12,無黨籍,1001801
新竹市,新竹市第1選舉區,李國璋,3,12,台灣民眾黨,1001801
新竹市,新竹市第1選舉區,陳錫文,2,12,台灣民眾黨,1001801
新竹市,新竹市第1選舉區,陳清智,1,12,國民黨,1001801
新竹市,新竹市第2選舉區,陳鶴文,10,4,時代力量,1001802
新竹市,新竹市第2選舉區,許登淇,9,4,台灣民眾黨,1001802
新竹市,新竹市第2選舉區,何佳樺,8,4,無黨籍,1001802
新竹市,新竹市第2選舉區,黃立達,7,4,無黨籍,1001802
新竹市,新竹市第2選舉區,徐美惠,6,4,國民黨,1001802
新竹市,新竹市第2選舉區,施乃如,5,4,民進黨,1001802
新竹市,新竹市第2選舉區,許修睿,4,4,國民黨,1001802
新竹市,新竹市第2選舉區,田雅芳,3,4,無黨籍,1001802
新竹市,新竹市第2選舉區,王岢鈺,2,4,小民參政歐巴桑聯盟,1001802
新竹市,新竹市第2選舉區,何智昌,1,4,無黨籍,1001802
新竹市,新竹市第3選舉區,陳治雄,3,2,國民黨,1001803
新竹市,新竹市第3選舉區,施淑婷,2,2,台灣民眾黨,1001803
新竹市,新竹市第3選舉區,陳建名,1,2,民進黨,1001803
新竹市,新竹市第4選舉區,楊玲宜,19,9,民進黨,1001804
新竹市,新竹市第4選舉區,吳旭豐,14,9,國民黨,1001804
新竹市,新竹市第4選舉區,陳清全,13,9,無黨籍,1001804
新竹市,新竹市第4選舉區,曾泰程,12,9,無黨籍,1001804
新竹市,新竹市第4選舉區,鄭慶欽,11,9,無黨籍,1001804
新竹市,新竹市第4選舉區,黃世禮,9,9,無黨籍,1001804
新竹市,新竹市第4選舉區,蕭志潔,8,9,國民黨,1001804
新竹市,新竹市第4選舉區,彭昆耀,7,9,無黨籍,1001804
新竹市,新竹市第4選舉區,黃美慧,6,9,國民黨,1001804
新竹市,新竹市第4選舉區,劉康彥,5,9,民進黨,1001804
新竹市,新竹市第4選舉區,顏政德,4,9,無黨籍,1001804
新竹市,新竹市第4選舉區,蔡文盛,3,9,台灣民眾黨,1001804
新竹市,新竹市第4選舉區,孫鍚洲,2,9,無黨籍,1001804
新竹市,新竹市第4選舉區,林彥甫,1,9,時代力量,1001804
新竹市,新竹市第5選舉區,曾沛騰,9,6,無黨籍,1001805
新竹市,新竹市第5選舉區,鄭成光,8,6,無黨籍,1001805
新竹市,新竹市第5選舉區,陳啓源,7,6,無黨籍,1001805
新竹市,新竹市第5選舉區,劉昊禮,6,6,無黨籍,1001805
新竹市,新竹市第5選舉區,吳國寶,5,6,無黨籍,1001805
新竹市,新竹市第5選舉區,廖子齊,4,6,時代力量,1001805
新竹市,新竹市第5選舉區,葉國文,3,6,台灣民眾黨,1001805
新竹市,新竹市第5選舉區,林盈徹,2,6,民進黨,1001805
新竹市,新竹市第5選舉區,陳慶齡,1,6,國民黨,1001805
新竹市,新竹市第6選舉區,林慈愛,1,1,國民黨,1001806
新竹縣,新竹縣第10選舉區,湯惠鈴,3,1,無黨籍,1000410
新竹縣,新竹縣第10選舉區,范文鴻,2,1,民進黨,1000410
新竹縣,新竹縣第10選舉區,王辰翔,1,1,國民黨,1000410
新竹縣,新竹縣第11選舉區,林秉君Kaying．Kuying．Kalang,2,1,國民黨,1000411
新竹縣,新竹縣第11選舉區,法隆伊佑,1,1,民進黨,1000411
新竹縣,新竹縣第12選舉區,劉建民,2,1,國民黨,1000412
新竹縣,新竹縣第12選舉區,林世偉,1,1,無黨籍,1000412
新竹縣,新竹縣第13選舉區,張雁萍,2,1,無黨籍,1000413
新竹縣,新竹縣第13選舉區,張益生,1,1,國民黨,1000413
新竹縣,新竹縣第1選舉區,鄭福強,22,12,無黨籍,1000401
新竹縣,新竹縣第1選舉區,鄭美琴,21,12,無黨籍,1000401
新竹縣,新竹縣第1選舉區,陳文得,20,12,無黨籍,1000401
新竹縣,新竹縣第1選舉區,連郁婷,19,12,時代力量,1000401
新竹縣,新竹縣第1選舉區,陳凱榮,18,12,國民黨,1000401
新竹縣,新竹縣第1選舉區,陳立基,17,12,台灣民眾黨,1000401
新竹縣,新竹縣第1選舉區,林祺軒,16,12,無黨籍,1000401
新竹縣,新竹縣第1選舉區,朱健銘,15,12,無黨籍,1000401
新竹縣,新竹縣第1選舉區,邱靖雅,14,12,無黨籍,1000401
新竹縣,新竹縣第1選舉區,歐陽霆,13,12,民進黨,1000401
新竹縣,新竹縣第1選舉區,林碩彥,12,12,台灣民眾黨,1000401
新竹縣,新竹縣第1選舉區,許育綸,11,12,勞動黨,1000401
新竹縣,新竹縣第1選舉區,范植華,10,12,無黨籍,1000401
新竹縣,新竹縣第1選舉區,杜文中,9,12,國民黨,1000401
新竹縣,新竹縣第1選舉區,王炳漢,8,12,國民黨,1000401
新竹縣,新竹縣第1選舉區,吳旭智,7,12,國民黨,1000401
新竹縣,新竹縣第1選舉區,張珈源,6,12,民進黨,1000401
新竹縣,新竹縣第1選舉區,林增堂,5,12,國民黨,1000401
新竹縣,新竹縣第1選舉區,蔡志環,4,12,國民黨,1000401
新竹縣,新竹縣第1選舉區,陳冠宇,3,12,綠黨,1000401
新竹縣,新竹縣第1選舉區,蔡蕥鍹,2,12,民進黨,1000401
新竹縣,新竹縣第1選舉區,林禹佑,1,12,無黨籍,1000401
新竹縣,新竹縣第2選舉區,張燦堂,10,5,無黨籍,1000402
新竹縣,新竹縣第2選舉區,羅美文,9,5,勞動黨,1000402
新竹縣,新竹縣第2選舉區,甄克堅,8,5,無黨籍,1000402
新竹縣,新竹縣第2選舉區,陳德木,7,5,國民黨,1000402
新竹縣,新竹縣第2選舉區,何建樺,6,5,民進黨,1000402
新竹縣,新竹縣第2選舉區,陳栢誠,5,5,國民黨,1000402
新竹縣,新竹縣第2選舉區,齊占翔,4,5,國民黨,1000402
新竹縣,新竹縣第2選舉區,吳菊花,3,5,國民黨,1000402
新竹縣,新竹縣第2選舉區,萬正英,2,5,國民黨,1000402
新竹縣,新竹縣第2選舉區,范振龍,1,5,國民黨,1000402
新竹縣,新竹縣第3選舉區,張鎮榮,4,3,國民黨,1000403
新竹縣,新竹縣第3選舉區,何智達,3,3,無黨籍,1000403
新竹縣,新竹縣第3選舉區,吳傳地,2,3,民進黨,1000403
新竹縣,新竹縣第3選舉區,徐勝凌,1,3,台灣民眾黨,1000403
新竹縣,新竹縣第4選舉區,羅仕琦,3,2,國民黨,1000404
新竹縣,新竹縣第4選舉區,吳發勝,2,2,民進黨,1000404
新竹縣,新竹縣第4選舉區,徐瑜新,1,2,國民黨,1000404
新竹縣,新竹縣第5選舉區,林保祿,3,2,無黨籍,1000405
新竹縣,新竹縣第5選舉區,范曰富,2,2,國民黨,1000405
新竹縣,新竹縣第5選舉區,呂宛庭,1,2,無黨籍,1000405
新竹縣,新竹縣第6選舉區,張永奎,2,1,無黨籍,1000406
新竹縣,新竹縣第6選舉區,張良印,1,1,國民黨,1000406
新竹縣,新竹縣第7選舉區,劉代洋,2,1,國民黨,1000407
新竹縣,新竹縣第7選舉區,鄭昱芸,1,1,無黨籍,1000407
新竹縣,新竹縣第8選舉區,林子丞,17,6,台灣民眾黨,1000408
新竹縣,新竹縣第8選舉區,黃豪杰,16,6,國民黨,1000408
新竹縣,新竹縣第8選舉區,范振港,15,6,無黨籍,1000408
新竹縣,新竹縣第8選舉區,馮守亮,14,6,國民黨,1000408
新竹縣,新竹縣第8選舉區,鄭正,13,6,無黨籍,1000408
新竹縣,新竹縣第8選舉區,彭余美玲,12,6,國民黨,1000408
新竹縣,新竹縣第8選舉區,余筱菁,11,6,綠黨,1000408
新竹縣,新竹縣第8選舉區,劉興藻,10,6,無黨籍,1000408
新竹縣,新竹縣第8選舉區,彭致豪,9,6,時代力量,1000408
新竹縣,新竹縣第8選舉區,陳晏華,8,6,無黨籍,1000408
新竹縣,新竹縣第8選舉區,楊昌德,7,6,民進黨,1000408
新竹縣,新竹縣第8選舉區,林若宸,6,6,無黨籍,1000408
新竹縣,新竹縣第8選舉區,鄭朝鐘,5,6,無黨籍,1000408
新竹縣,新竹縣第8選舉區,上官秋燕,4,6,國民黨,1000408
新竹縣,新竹縣第8選舉區,林昭錡,3,6,無黨籍,1000408
新竹縣,新竹縣第8選舉區,范振東,2,6,無黨籍,1000408
新竹縣,新竹縣第8選舉區,呂幸潤,1,6,無黨籍,1000408
新竹縣,新竹縣第9選舉區,邱坤桶,1,1,國民黨,1000409
嘉義市,嘉義市第1選舉區,戴寧,18,10,無黨籍,1002001
嘉義市,嘉義市第1選舉區,李奕德,17,10,無黨籍,1002001
嘉義市,嘉義市第1選舉區,翁渙瑤,16,10,台灣基進,1002001
嘉義市,嘉義市第1選舉區,吳家慧,15,10,無黨籍,1002001
嘉義市,嘉義市第1選舉區,顏色不分藍綠支持性專區顏色田慎節,14,10,無黨籍,1002001
嘉義市,嘉義市第1選舉區,張敏琪,13,10,國民黨,1002001
嘉義市,嘉義市第1選舉區,林昱孜,12,10,台灣民眾黨,1002001
嘉義市,嘉義市第1選舉區,黃露慧,11,10,民進黨,1002001
嘉義市,嘉義市第1選舉區,郭定緯,10,10,國民黨,1002001
嘉義市,嘉義市第1選舉區,梁樹綸,9,10,國民黨,1002001
嘉義市,嘉義市第1選舉區,凌子楚,8,10,民進黨,1002001
嘉義市,嘉義市第1選舉區,郭文居,7,10,無黨籍,1002001
嘉義市,嘉義市第1選舉區,黃盈智,6,10,民進黨,1002001
嘉義市,嘉義市第1選舉區,傅大偉,5,10,國民黨,1002001
嘉義市,嘉義市第1選舉區,陳家平,4,10,國民黨,1002001
嘉義市,嘉義市第1選舉區,張榮藏,3,10,無黨籍,1002001
嘉義市,嘉義市第1選舉區,蔡永泉,2,10,台灣團結聯盟,1002001
嘉義市,嘉義市第1選舉區,林瑞霞,1,10,無黨籍,1002001
嘉義市,嘉義市第2選舉區,蔡坤叡,22,13,無黨籍,1002002
嘉義市,嘉義市第2選舉區,王冠鈞,21,13,無黨籍,1002002
嘉義市,嘉義市第2選舉區,鄭光宏,20,13,國民黨,1002002
嘉義市,嘉義市第2選舉區,蔡文旭,19,13,民進黨,1002002
嘉義市,嘉義市第2選舉區,黃思婷,18,13,無黨籍,1002002
嘉義市,嘉義市第2選舉區,李錦洋,17,13,無黨籍,1002002
嘉義市,嘉義市第2選舉區,陳姿妏,16,13,無黨籍,1002002
嘉義市,嘉義市第2選舉區,林雪峰,15,13,國民黨,1002002
嘉義市,嘉義市第2選舉區,孫貫志,14,13,無黨籍,1002002
嘉義市,嘉義市第2選舉區,張秀華,13,13,國民黨,1002002
嘉義市,嘉義市第2選舉區,陳品蓁,12,13,民進黨,1002002
嘉義市,嘉義市第2選舉區,林煒軒,11,13,民進黨,1002002
嘉義市,嘉義市第2選舉區,莊豐安,10,13,無黨籍,1002002
嘉義市,嘉義市第2選舉區,蘇慶良,9,13,國民黨,1002002
嘉義市,嘉義市第2選舉區,王浩,8,13,時代力量,1002002
嘉義市,嘉義市第2選舉區,張閔舜,7,13,國民黨,1002002
嘉義市,嘉義市第2選舉區,洪瑋庭,6,13,台灣基進,1002002
嘉義市,嘉義市第2選舉區,許明對,5,13,民進黨,1002002
嘉義市,嘉義市第2選舉區,蘇澤峰,4,13,無黨籍,1002002
嘉義市,嘉義市第2選舉區,黃敏修,3,13,民進黨,1002002
嘉義市,嘉義市第2選舉區,黃大祐,2,13,民進黨,1002002
嘉義市,嘉義市第2選舉區,李忠曆,1,13,無黨籍,1002002
嘉義縣,嘉義縣第1選舉區,黃榮俊,9,8,民進黨,1001001
嘉義縣,嘉義縣第1選舉區,陳主明,8,8,民進黨,1001001
嘉義縣,嘉義縣第1選舉區,江佩曄,7,8,民進黨,1001001
嘉義縣,嘉義縣第1選舉區,王啓澧,6,8,國民黨,1001001
嘉義縣,嘉義縣第1選舉區,賴瓊如,5,8,無黨籍,1001001
嘉義縣,嘉義縣第1選舉區,黃惠汝,4,8,民進黨,1001001
嘉義縣,嘉義縣第1選舉區,詹琬蓁,3,8,國民黨,1001001
嘉義縣,嘉義縣第1選舉區,楊秀琴,2,8,無黨籍,1001001
嘉義縣,嘉義縣第1選舉區,黃榮利,1,8,民進黨,1001001
嘉義縣,嘉義縣第2選舉區,林秀琴,12,7,民進黨,1001002
嘉義縣,嘉義縣第2選舉區,林淑完,11,7,民進黨,1001002
嘉義縣,嘉義縣第2選舉區,林岱杰,10,7,無黨籍,1001002
嘉義縣,嘉義縣第2選舉區,陳文忠,9,7,無黨籍,1001002
嘉義縣,嘉義縣第2選舉區,高子羚,8,7,無黨籍,1001002
嘉義縣,嘉義縣第2選舉區,洪安仁,7,7,無黨籍,1001002
嘉義縣,嘉義縣第2選舉區,黃啟豪,6,7,民進黨,1001002
嘉義縣,嘉義縣第2選舉區,陳福成,5,7,無黨籍,1001002
嘉義縣,嘉義縣第2選舉區,劉宜奮,4,7,無黨籍,1001002
嘉義縣,嘉義縣第2選舉區,簡嘉億,3,7,國民黨,1001002
嘉義縣,嘉義縣第2選舉區,何文華,2,7,民進黨,1001002
嘉義縣,嘉義縣第2選舉區,郭金雀,1,7,無黨籍,1001002
嘉義縣,嘉義縣第3選舉區,劉雅文,9,5,民進黨,1001003
嘉義縣,嘉義縣第3選舉區,陳志明,8,5,無黨籍,1001003
嘉義縣,嘉義縣第3選舉區,高義清,7,5,無黨籍,1001003
嘉義縣,嘉義縣第3選舉區,吳思蓉,6,5,國民黨,1001003
嘉義縣,嘉義縣第3選舉區,劉世承,5,5,無黨籍,1001003
嘉義縣,嘉義縣第3選舉區,陳信文,4,5,國民黨,1001003
嘉義縣,嘉義縣第3選舉區,江志明,3,5,民進黨,1001003
嘉義縣,嘉義縣第3選舉區,莊信宗,2,5,民進黨,1001003
嘉義縣,嘉義縣第3選舉區,王啟瑞,1,5,無黨籍,1001003
嘉義縣,嘉義縣第4選舉區,李國勝,10,6,國民黨,1001004
嘉義縣,嘉義縣第4選舉區,呂文正,9,6,民進黨,1001004
嘉義縣,嘉義縣第4選舉區,郭西川,8,6,無黨籍,1001004
嘉義縣,嘉義縣第4選舉區,蔡奇璋,7,6,無黨籍,1001004
嘉義縣,嘉義縣第4選舉區,黃嫈珺,6,6,民進黨,1001004
嘉義縣,嘉義縣第4選舉區,姜梅紅,5,6,民進黨,1001004
嘉義縣,嘉義縣第4選舉區,蔡建漢,4,6,無黨籍,1001004
嘉義縣,嘉義縣第4選舉區,陳怡岳,3,6,民進黨,1001004
嘉義縣,嘉義縣第4選舉區,陳崇榮,2,6,無黨籍,1001004
嘉義縣,嘉義縣第4選舉區,蔡政宜,1,6,無黨籍,1001004
嘉義縣,嘉義縣第5選舉區,陳鳳梅,4,3,民進黨,1001005
嘉義縣,嘉義縣第5選舉區,黃金茂,3,3,無黨籍,1001005
嘉義縣,嘉義縣第5選舉區,翁聰賢,2,3,民進黨,1001005
嘉義縣,嘉義縣第5選舉區,蔡信典,1,3,國民黨,1001005
嘉義縣,嘉義縣第6選舉區,何子凡,12,7,無黨籍,1001006
嘉義縣,嘉義縣第6選舉區,詹黃素蓮,11,7,國民黨,1001006
嘉義縣,嘉義縣第6選舉區,詹志暉,10,7,國民黨,1001006
嘉義縣,嘉義縣第6選舉區,張明達,9,7,民進黨,1001006
嘉義縣,嘉義縣第6選舉區,林嘉欣,8,7,無黨籍,1001006
嘉義縣,嘉義縣第6選舉區,莊竣傑,7,7,無黨籍,1001006
嘉義縣,嘉義縣第6選舉區,蔡瀧賢,6,7,民進黨,1001006
嘉義縣,嘉義縣第6選舉區,邱銀海,5,7,國民黨,1001006
嘉義縣,嘉義縣第6選舉區,凃文以,4,7,無黨籍,1001006
嘉義縣,嘉義縣第6選舉區,陳柏麟,3,7,民進黨,1001006
嘉義縣,嘉義縣第6選舉區,羅士洋,2,7,民進黨,1001006
嘉義縣,嘉義縣第6選舉區,江季珍,1,7,民進黨,1001006
嘉義縣,嘉義縣第7選舉區,武清山,1,1,無黨籍,1001007
彰化縣,彰化縣第1選舉區,洪信獻,24,13,無黨籍,1000701
彰化縣,彰化縣第1選舉區,蔡坤翰,23,13,無黨籍,1000701
彰化縣,彰化縣第1選舉區,韓德生,22,13,國民黨,1000701
彰化縣,彰化縣第1選舉區,楊子賢,21,13,民進黨,1000701
彰化縣,彰化縣第1選舉區,洪柏葳,20,13,無黨籍,1000701
彰化縣,彰化縣第1選舉區,葉永清,19,13,國民黨,1000701
彰化縣,彰化縣第1選舉區,曾煥程,18,13,台灣維新,1000701
彰化縣,彰化縣第1選舉區,宋玅女,17,13,無黨籍,1000701
彰化縣,彰化縣第1選舉區,吳韋達,16,13,時代力量,1000701
彰化縣,彰化縣第1選舉區,黃千宴,15,13,國民黨,1000701
彰化縣,彰化縣第1選舉區,温芝樺,14,13,國民黨,1000701
彰化縣,彰化縣第1選舉區,王孝裕,13,13,台灣民眾黨,1000701
彰化縣,彰化縣第1選舉區,辜皇譯,12,13,民進黨,1000701
彰化縣,彰化縣第1選舉區,吳明融,11,13,無黨籍,1000701
彰化縣,彰化縣第1選舉區,許雅琳,10,13,民進黨,1000701
彰化縣,彰化縣第1選舉區,黃柏瑜,9,13,民進黨,1000701
彰化縣,彰化縣第1選舉區,莊陞漢,8,13,民進黨,1000701
彰化縣,彰化縣第1選舉區,陳銌銌,7,13,無黨籍,1000701
彰化縣,彰化縣第1選舉區,李成濟,6,13,民進黨,1000701
彰化縣,彰化縣第1選舉區,許原龍,5,13,國民黨,1000701
彰化縣,彰化縣第1選舉區,白玉如,4,13,國民黨,1000701
彰化縣,彰化縣第1選舉區,林茂明,3,13,無黨籍,1000701
彰化縣,彰化縣第1選舉區,顧黃水花,2,13,國民黨,1000701
彰化縣,彰化縣第1選舉區,李寶銀,1,13,無黨籍,1000701
彰化縣,彰化縣第2選舉區,葉國雄,9,7,民進黨,1000702
彰化縣,彰化縣第2選舉區,鄭敬議,8,7,台灣民眾黨,1000702
彰化縣,彰化縣第2選舉區,黃俊源,7,7,國民黨,1000702
彰化縣,彰化縣第2選舉區,郭燕陵,6,7,無黨籍,1000702
彰化縣,彰化縣第2選舉區,施佩妤,5,7,無黨籍,1000702
彰化縣,彰化縣第2選舉區,凃淑媚,4,7,國民黨,1000702
彰化縣,彰化縣第2選舉區,楊妙月,3,7,民進黨,1000702
彰化縣,彰化縣第2選舉區,藍駿宇,2,7,民進黨,1000702
彰化縣,彰化縣第2選舉區,楊竣程,1,7,國民黨,1000702
彰化縣,彰化縣第3選舉區,林小琪,8,6,國民黨,1000703
彰化縣,彰化縣第3選舉區,施嘉華,7,6,國民黨,1000703
彰化縣,彰化縣第3選舉區,周君綾,6,6,民進黨,1000703
彰化縣,彰化縣第3選舉區,王國忠,5,6,民進黨,1000703
彰化縣,彰化縣第3選舉區,柯振杯,4,6,國民黨,1000703
彰化縣,彰化縣第3選舉區,林宗翰,3,6,無黨籍,1000703
彰化縣,彰化縣第3選舉區,蕭文雄,2,6,無黨籍,1000703
彰化縣,彰化縣第3選舉區,賴清美,1,6,民進黨,1000703
彰化縣,彰化縣第4選舉區,詹木根,14,8,無黨籍,1000704
彰化縣,彰化縣第4選舉區,吳為杰,13,8,民進黨,1000704
彰化縣,彰化縣第4選舉區,賴澤民,12,8,民進黨,1000704
彰化縣,彰化縣第4選舉區,鄭宇焱,11,8,時代力量,1000704
彰化縣,彰化縣第4選舉區,劉惠娟,10,8,國民黨,1000704
彰化縣,彰化縣第4選舉區,張錦昆,9,8,國民黨,1000704
彰化縣,彰化縣第4選舉區,張欣倩,8,8,民進黨,1000704
彰化縣,彰化縣第4選舉區,黃正盛,7,8,國民黨,1000704
彰化縣,彰化縣第4選舉區,張順畝,6,8,無黨籍,1000704
彰化縣,彰化縣第4選舉區,詹閔雄,5,8,台灣維新,1000704
彰化縣,彰化縣第4選舉區,曹嘉豪,4,8,國民黨,1000704
彰化縣,彰化縣第4選舉區,凃俊任,3,8,國民黨,1000704
彰化縣,彰化縣第4選舉區,張雪如,2,8,台灣民眾黨,1000704
彰化縣,彰化縣第4選舉區,林俊毅,1,8,無黨籍,1000704
彰化縣,彰化縣第5選舉區,歐陽蓁珠,7,5,民進黨,1000705
彰化縣,彰化縣第5選舉區,洪本成,6,5,國民黨,1000705
彰化縣,彰化縣第5選舉區,張春洋,5,5,無黨籍,1000705
彰化縣,彰化縣第5選舉區,陳玉姫,4,5,國民黨,1000705
彰化縣,彰化縣第5選舉區,陳清峰,3,5,無黨籍,1000705
彰化縣,彰化縣第5選舉區,陳重嘉,2,5,台灣民眾黨,1000705
彰化縣,彰化縣第5選舉區,劉珊伶,1,5,民進黨,1000705
彰化縣,彰化縣第6選舉區,許書維,7,4,民進黨,1000706
彰化縣,彰化縣第6選舉區,詹琬惠,6,4,民進黨,1000706
彰化縣,彰化縣第6選舉區,蕭妤亘,5,4,國民黨,1000706
彰化縣,彰化縣第6選舉區,劉景滄,4,4,無黨籍,1000706
彰化縣,彰化縣第6選舉區,張諄萬,3,4,無黨籍,1000706
彰化縣,彰化縣第6選舉區,鄭俊雄,2,4,國民黨,1000706
彰化縣,彰化縣第6選舉區,宋鴻鈞,1,4,無黨籍,1000706
彰化縣,彰化縣第7選舉區,陳亞楠,8,5,無黨籍,1000707
彰化縣,彰化縣第7選舉區,江熊一楓,7,5,民進黨,1000707
彰化縣,彰化縣第7選舉區,吳錦潭,6,5,無黨籍,1000707
彰化縣,彰化縣第7選舉區,黃盛祿,5,5,無黨籍,1000707
彰化縣,彰化縣第7選舉區,劉淑芳,4,5,國民黨,1000707
彰化縣,彰化縣第7選舉區,李俊諭,3,5,民進黨,1000707
彰化縣,彰化縣第7選舉區,謝典林,2,5,國民黨,1000707
彰化縣,彰化縣第7選舉區,李浩誠,1,5,國民黨,1000707
彰化縣,彰化縣第8選舉區,陳一惇,7,5,國民黨,1000708
彰化縣,彰化縣第8選舉區,張國棟,6,5,國民黨,1000708
彰化縣,彰化縣第8選舉區,洪騰明,5,5,民進黨,1000708
彰化縣,彰化縣第8選舉區,蔡家豪,4,5,無黨籍,1000708
彰化縣,彰化縣第8選舉區,吳淑娟,3,5,無黨籍,1000708
彰化縣,彰化縣第8選舉區,洪子超,2,5,民進黨,1000708
彰化縣,彰化縣第8選舉區,謝淑如,1,5,國民黨,1000708
彰化縣,彰化縣第9選舉區,張新男,2,1,無黨籍,1000709
彰化縣,彰化縣第9選舉區,陳榮妹,1,1,國民黨,1000709
澎湖縣,澎湖縣第1選舉區,許國政,18,11,國民黨,1001601
澎湖縣,澎湖縣第1選舉區,蘇陳綉色,17,11,無黨籍,1001601
澎湖縣,澎湖縣第1選舉區,莊光大,16,11,無黨籍,1001601
澎湖縣,澎湖縣第1選舉區,歐修智,15,11,無黨籍,1001601
澎湖縣,澎湖縣第1選舉區,盧長在,14,11,民進黨,1001601
澎湖縣,澎湖縣第1選舉區,蘇育德,13,11,民進黨,1001601
澎湖縣,澎湖縣第1選舉區,劉陳昭玲,12,11,國民黨,1001601
澎湖縣,澎湖縣第1選舉區,胡松榮,11,11,無黨團結聯盟,1001601
澎湖縣,澎湖縣第1選舉區,歐中慨,10,11,國民黨,1001601
澎湖縣,澎湖縣第1選舉區,張再興,9,11,無黨籍,1001601
澎湖縣,澎湖縣第1選舉區,藍凱元,8,11,無黨籍,1001601
澎湖縣,澎湖縣第1選舉區,陳文謙,7,11,無黨籍,1001601
澎湖縣,澎湖縣第1選舉區,呂黃春金,6,11,民進黨,1001601
澎湖縣,澎湖縣第1選舉區,林建勳,5,11,國民黨,1001601
澎湖縣,澎湖縣第1選舉區,呂光宇,4,11,國民黨,1001601
澎湖縣,澎湖縣第1選舉區,陳毓仁,3,11,無黨籍,1001601
澎湖縣,澎湖縣第1選舉區,陳海山,2,11,無黨籍,1001601
澎湖縣,澎湖縣第1選舉區,許智富,1,11,台灣民眾黨,1001601
澎湖縣,澎湖縣第2選舉區,廖璟華,4,3,無黨籍,1001602
澎湖縣,澎湖縣第2選舉區,吳政杰,3,3,國民黨,1001602
澎湖縣,澎湖縣第2選舉區,蔡清續,2,3,民進黨,1001602
澎湖縣,澎湖縣第2選舉區,許育愷,1,3,無黨籍,1001602
澎湖縣,澎湖縣第3選舉區,宋昀芝,2,2,無黨籍,1001603
澎湖縣,澎湖縣第3選舉區,魏睿宏,1,2,無黨籍,1001603
澎湖縣,澎湖縣第4選舉區,許月里,2,1,無黨籍,1001604
澎湖縣,澎湖縣第4選舉區,薛雲鴻,1,1,無黨籍,1001604
澎湖縣,澎湖縣第5選舉區,陳佩真,1,1,無黨籍,1001605
澎湖縣,澎湖縣第6選舉區,張仁和,2,1,無黨籍,1001606
澎湖縣,澎湖縣第6選舉區,夏晨榮,1,1,無黨籍,1001606